{"type":"FeatureCollection","features":[{"type":"Feature","properties":{"name":"Bombo","country":"Uganda","admin1":"Bamunanika","iso":"UG","pop":75000,"rank":10,"minzoom":7,"capital":0},"geometry":{"type":"Point","coordinates":[32.5333,0.5833]}},{"type":"Feature","properties":{"name":"Fort Portal","country":"Uganda","admin1":"Kabarole","iso":"UG","pop":42670,"rank":10,"minzoom":7,"capital":0},"geometry":{"type":"Point","coordinates":[30.275,0.671]}},{"type":"Feature","properties":{"name":"Potenza","country":"Italy","admin1":"Basilicata","iso":"IT","pop":69060,"rank":10,"minzoom":7,"capital":0},"geometry":{"type":"Point","coordinates":[15.799,40.642]}},{"type":"Feature","properties":{"name":"Campobasso","country":"Italy","admin1":"Molise","iso":"IT","pop":50762,"rank":10,"minzoom":7,"capital":0},"geometry":{"type":"Point","coordinates":[14.656,41.563]}},{"type":"Feature","properties":{"name":"Aosta","country":"Italy","admin1":"Valle d'Aosta","iso":"IT","pop":34062,"rank":10,"minzoom":7,"capital":0},"geometry":{"type":"Point","coordinates":[7.315,45.737]}},{"type":"Feature","properties":{"name":"Mariehamn","country":"Aland","admin1":"Finström","iso":"AX","pop":10682,"rank":10,"minzoom":7,"capital":0},"geometry":{"type":"Point","coordinates":[19.949,60.097]}},{"type":"Feature","properties":{"name":"Ramallah","country":"Palestine","admin1":null,"iso":"PS","pop":24599,"rank":10,"minzoom":9,"capital":0},"geometry":{"type":"Point","coordinates":[35.2062,31.9029]}},{"type":"Feature","properties":{"name":"Vatican City","country":"Vatican","admin1":"Lazio","iso":"VA","pop":832,"rank":8,"minzoom":7,"capital":1},"geometry":{"type":"Point","coordinates":[12.4534,41.9033]}},{"type":"Feature","properties":{"name":"Poitier","country":"France","admin1":"Poitou-Charentes","iso":"FR","pop":85960,"rank":8,"minzoom":6.7,"capital":0},"geometry":{"type":"Point","coordinates":[0.3333,46.5833]}},{"type":"Feature","properties":{"name":"Clermont-Ferrand","country":"France","admin1":"Auvergne","iso":"FR","pop":233050,"rank":8,"minzoom":6,"capital":0},"geometry":{"type":"Point","coordinates":[3.08,45.78]}},{"type":"Feature","properties":{"name":"Besançon","country":"France","admin1":"Franche-Comté","iso":"FR","pop":128426,"rank":8,"minzoom":7,"capital":0},"geometry":{"type":"Point","coordinates":[6.03,47.23]}},{"type":"Feature","properties":{"name":"Artigas Base","country":"Antarctica","admin1":null,"iso":"AQ","pop":60,"rank":8,"minzoom":7,"capital":0},"geometry":{"type":"Point","coordinates":[-58.8639,-62.1739]}},{"type":"Feature","properties":{"name":"Chipata","country":"Zambia","admin1":"Eastern","iso":"ZM","pop":85963,"rank":7,"minzoom":6.7,"capital":0},"geometry":{"type":"Point","coordinates":[32.64,-13.6296]}},{"type":"Feature","properties":{"name":"Jinja","country":"Uganda","admin1":"Jinja","iso":"UG","pop":301619,"rank":7,"minzoom":6.7,"capital":0},"geometry":{"type":"Point","coordinates":[33.1999,0.4404]}},{"type":"Feature","properties":{"name":"Arua","country":"Uganda","admin1":"Arua Municipality","iso":"UG","pop":250000,"rank":7,"minzoom":6.7,"capital":0},"geometry":{"type":"Point","coordinates":[30.9,3.0204]}},{"type":"Feature","properties":{"name":"Mbale","country":"Uganda","admin1":"Bungokho","iso":"UG","pop":402368,"rank":7,"minzoom":6.7,"capital":0},"geometry":{"type":"Point","coordinates":[34.17,1.0904]}},{"type":"Feature","properties":{"name":"Moroto","country":"Uganda","admin1":"Moroto","iso":"UG","pop":371,"rank":7,"minzoom":6.7,"capital":0},"geometry":{"type":"Point","coordinates":[34.64,2.5403]}},{"type":"Feature","properties":{"name":"Masaka","country":"Uganda","admin1":"Masaka","iso":"UG","pop":65373,"rank":7,"minzoom":6.7,"capital":0},"geometry":{"type":"Point","coordinates":[31.73,-0.3296]}},{"type":"Feature","properties":{"name":"Mbarara","country":"Uganda","admin1":"Kashari","iso":"UG","pop":83700,"rank":7,"minzoom":6.7,"capital":0},"geometry":{"type":"Point","coordinates":[30.65,-0.5996]}},{"type":"Feature","properties":{"name":"Otjiwarongo","country":"Namibia","admin1":"Otjozondjupa","iso":"NA","pop":24815,"rank":7,"minzoom":6.7,"capital":0},"geometry":{"type":"Point","coordinates":[16.64,-20.4595]}},{"type":"Feature","properties":{"name":"Bologna","country":"Italy","admin1":"Emilia-Romagna","iso":"IT","pop":488172,"rank":7,"minzoom":6.1,"capital":0},"geometry":{"type":"Point","coordinates":[11.34,44.5004]}},{"type":"Feature","properties":{"name":"Cagliari","country":"Italy","admin1":"Sardegna","iso":"IT","pop":291511,"rank":7,"minzoom":6.1,"capital":0},"geometry":{"type":"Point","coordinates":[9.104,39.2224]}},{"type":"Feature","properties":{"name":"Catanzaro","country":"Italy","admin1":"Calabria","iso":"IT","pop":95251,"rank":7,"minzoom":6.7,"capital":0},"geometry":{"type":"Point","coordinates":[16.6,38.9004]}},{"type":"Feature","properties":{"name":"Bari","country":"Italy","admin1":"Apulia","iso":"IT","pop":500577,"rank":7,"minzoom":5.1,"capital":0},"geometry":{"type":"Point","coordinates":[16.8728,41.1142]}},{"type":"Feature","properties":{"name":"L'Aquila","country":"Italy","admin1":"Abruzzo","iso":"IT","pop":68503,"rank":7,"minzoom":6.7,"capital":0},"geometry":{"type":"Point","coordinates":[13.39,42.3504]}},{"type":"Feature","properties":{"name":"Ancona","country":"Italy","admin1":"Marche","iso":"IT","pop":100507,"rank":7,"minzoom":6.1,"capital":0},"geometry":{"type":"Point","coordinates":[13.4999,43.6004]}},{"type":"Feature","properties":{"name":"Perugia","country":"Italy","admin1":"Umbria","iso":"IT","pop":149125,"rank":7,"minzoom":6.7,"capital":0},"geometry":{"type":"Point","coordinates":[12.39,43.1104]}},{"type":"Feature","properties":{"name":"Trieste","country":"Italy","admin1":"Friuli-Venezia Giulia","iso":"IT","pop":216035,"rank":7,"minzoom":6.7,"capital":0},"geometry":{"type":"Point","coordinates":[13.8,45.6504]}},{"type":"Feature","properties":{"name":"Trento","country":"Italy","admin1":"Trentino-Alto Adige","iso":"IT","pop":107808,"rank":7,"minzoom":6.1,"capital":0},"geometry":{"type":"Point","coordinates":[11.12,46.0804]}},{"type":"Feature","properties":{"name":"Fort-de-France","country":"France","admin1":"Martinique","iso":"MQ","pop":253995,"rank":7,"minzoom":6.7,"capital":0},"geometry":{"type":"Point","coordinates":[-61.08,14.6104]}},{"type":"Feature","properties":{"name":"Gifu","country":"Japan","admin1":"Gifu","iso":"JP","pop":412895,"rank":7,"minzoom":6.1,"capital":0},"geometry":{"type":"Point","coordinates":[136.7628,35.4231]}},{"type":"Feature","properties":{"name":"Saint-Laurent-du-Maroni","country":"France","admin1":"Guinaa","iso":"GF","pop":24287,"rank":7,"minzoom":6.7,"capital":0},"geometry":{"type":"Point","coordinates":[-54.0325,5.4976]}},{"type":"Feature","properties":{"name":"Caen","country":"France","admin1":"Basse-Normandie","iso":"FR","pop":190099,"rank":7,"minzoom":6.7,"capital":0},"geometry":{"type":"Point","coordinates":[-0.35,49.1838]}},{"type":"Feature","properties":{"name":"Nantes","country":"France","admin1":"Pays de la Loire","iso":"FR","pop":438537,"rank":7,"minzoom":5.1,"capital":0},"geometry":{"type":"Point","coordinates":[-1.59,47.2104]}},{"type":"Feature","properties":{"name":"Ajaccio","country":"France","admin1":"Corse","iso":"FR","pop":54364,"rank":7,"minzoom":6.1,"capital":0},"geometry":{"type":"Point","coordinates":[8.7283,41.9271]}},{"type":"Feature","properties":{"name":"Montpellier","country":"France","admin1":"Languedoc-Roussillon","iso":"FR","pop":327254,"rank":7,"minzoom":6.1,"capital":0},"geometry":{"type":"Point","coordinates":[3.87,43.6104]}},{"type":"Feature","properties":{"name":"Dijon","country":"France","admin1":"Bourgogne","iso":"FR","pop":169946,"rank":7,"minzoom":6,"capital":0},"geometry":{"type":"Point","coordinates":[5.03,47.3304]}},{"type":"Feature","properties":{"name":"Orléans","country":"France","admin1":"Centre","iso":"FR","pop":217301,"rank":7,"minzoom":6.1,"capital":0},"geometry":{"type":"Point","coordinates":[1.9,47.9004]}},{"type":"Feature","properties":{"name":"Rouen","country":"France","admin1":"Haute-Normandie","iso":"FR","pop":532559,"rank":7,"minzoom":6,"capital":0},"geometry":{"type":"Point","coordinates":[1.08,49.4304]}},{"type":"Feature","properties":{"name":"Reims","country":"France","admin1":"Champagne-Ardenne","iso":"FR","pop":196565,"rank":7,"minzoom":6.1,"capital":0},"geometry":{"type":"Point","coordinates":[4.03,49.2504]}},{"type":"Feature","properties":{"name":"Amiens","country":"France","admin1":"Picardie","iso":"FR","pop":143086,"rank":7,"minzoom":6.7,"capital":0},"geometry":{"type":"Point","coordinates":[2.3,49.9004]}},{"type":"Feature","properties":{"name":"Nancy","country":"France","admin1":"Lorraine","iso":"FR","pop":268976,"rank":7,"minzoom":5.1,"capital":0},"geometry":{"type":"Point","coordinates":[6.2,48.6837]}},{"type":"Feature","properties":{"name":"Basse-terre","country":"France","admin1":"Guadeloupe","iso":"GP","pop":307,"rank":7,"minzoom":6.7,"capital":0},"geometry":{"type":"Point","coordinates":[-61.7055,16.0104]}},{"type":"Feature","properties":{"name":"Novi Sad","country":"Serbia","admin1":"Južno-Backi","iso":"RS","pop":225457,"rank":7,"minzoom":6.1,"capital":0},"geometry":{"type":"Point","coordinates":[19.8499,45.2504]}},{"type":"Feature","properties":{"name":"Banja Luka","country":"Bosnia and Herzegovina","admin1":"Serbian Republic","iso":"BA","pop":221738,"rank":7,"minzoom":6.1,"capital":0},"geometry":{"type":"Point","coordinates":[17.18,44.7804]}},{"type":"Feature","properties":{"name":"George Town","country":"Cayman Islands","admin1":null,"iso":"KY","pop":4268,"rank":7,"minzoom":6.7,"capital":0},"geometry":{"type":"Point","coordinates":[-81.3716,19.2947]}},{"type":"Feature","properties":{"name":"Grand Turk","country":"Turks and Caicos Islands","admin1":null,"iso":"TC","pop":5801,"rank":7,"minzoom":6.7,"capital":0},"geometry":{"type":"Point","coordinates":[-71.136,21.4664]}},{"type":"Feature","properties":{"name":"Douglas","country":"Isle of Man","admin1":null,"iso":"IM","pop":35854,"rank":7,"minzoom":6.7,"capital":0},"geometry":{"type":"Point","coordinates":[-4.4803,54.1491]}},{"type":"Feature","properties":{"name":"San Marino","country":"San Marino","admin1":null,"iso":"SM","pop":29579,"rank":7,"minzoom":6.1,"capital":1},"geometry":{"type":"Point","coordinates":[12.4418,43.9361]}},{"type":"Feature","properties":{"name":"Willemstad","country":"Curacao","admin1":null,"iso":"CW","pop":146813,"rank":7,"minzoom":6.7,"capital":0},"geometry":{"type":"Point","coordinates":[-68.8724,12.1123]}},{"type":"Feature","properties":{"name":"Oranjestad","country":"Aruba","admin1":null,"iso":"AW","pop":68775,"rank":7,"minzoom":6.7,"capital":0},"geometry":{"type":"Point","coordinates":[-70.0255,12.5215]}},{"type":"Feature","properties":{"name":"Vaduz","country":"Liechtenstein","admin1":null,"iso":"LI","pop":36281,"rank":7,"minzoom":6.7,"capital":1},"geometry":{"type":"Point","coordinates":[9.5167,47.1337]}},{"type":"Feature","properties":{"name":"Capitan Arturo Prat Station","country":"Antarctica","admin1":null,"iso":"AQ","pop":41,"rank":7,"minzoom":6.1,"capital":0},"geometry":{"type":"Point","coordinates":[-59.6833,-62.4995]}},{"type":"Feature","properties":{"name":"Marambio Base","country":"Antarctica","admin1":null,"iso":"AQ","pop":150,"rank":7,"minzoom":5,"capital":0},"geometry":{"type":"Point","coordinates":[-56.65,-64.2329]}},{"type":"Feature","properties":{"name":"Zucchelli Station","country":"Antarctica","admin1":null,"iso":"AQ","pop":80,"rank":7,"minzoom":6.7,"capital":0},"geometry":{"type":"Point","coordinates":[164.219,-74.6192]}},{"type":"Feature","properties":{"name":"Rothera Station","country":"Antarctica","admin1":null,"iso":"AQ","pop":130,"rank":7,"minzoom":4,"capital":0},"geometry":{"type":"Point","coordinates":[-68.1235,-67.5648]}},{"type":"Feature","properties":{"name":"Palmer Station","country":"Antarctica","admin1":null,"iso":"AQ","pop":46,"rank":7,"minzoom":4,"capital":0},"geometry":{"type":"Point","coordinates":[-64.0469,-64.7624]}},{"type":"Feature","properties":{"name":"Base Presidente Montalva","country":"Antarctica","admin1":null,"iso":"AQ","pop":150,"rank":7,"minzoom":5,"capital":0},"geometry":{"type":"Point","coordinates":[-58.9077,-62.1827]}},{"type":"Feature","properties":{"name":"Carlini Base","country":"Antarctica","admin1":null,"iso":"AQ","pop":60,"rank":7,"minzoom":6.1,"capital":0},"geometry":{"type":"Point","coordinates":[-58.6505,-62.2241]}},{"type":"Feature","properties":{"name":"King Sejong Station","country":"Antarctica","admin1":null,"iso":"AQ","pop":90,"rank":7,"minzoom":6.1,"capital":0},"geometry":{"type":"Point","coordinates":[-58.7716,-62.2249]}},{"type":"Feature","properties":{"name":"Great Wall Station","country":"Antarctica","admin1":null,"iso":"AQ","pop":40,"rank":7,"minzoom":5,"capital":0},"geometry":{"type":"Point","coordinates":[-58.9667,-62.2163]}},{"type":"Feature","properties":{"name":"Escudero Base","country":"Antarctica","admin1":null,"iso":"AQ","pop":20,"rank":7,"minzoom":6.1,"capital":0},"geometry":{"type":"Point","coordinates":[-58.9527,-62.195]}},{"type":"Feature","properties":{"name":"Elephant Island","country":"Antarctica","admin1":null,"iso":"AQ","pop":6,"rank":7,"minzoom":6.1,"capital":0},"geometry":{"type":"Point","coordinates":[-58.0,-61.9996]}},{"type":"Feature","properties":{"name":"Scott Base","country":"Antarctica","admin1":null,"iso":"AQ","pop":85,"rank":7,"minzoom":6.7,"capital":0},"geometry":{"type":"Point","coordinates":[166.7491,-77.8469]}},{"type":"Feature","properties":{"name":"McMurdo Station","country":"Antarctica","admin1":null,"iso":"AQ","pop":1000,"rank":7,"minzoom":3,"capital":0},"geometry":{"type":"Point","coordinates":[166.8694,-77.7323]}},{"type":"Feature","properties":{"name":"Zhongshan Station","country":"Antarctica","admin1":null,"iso":"AQ","pop":60,"rank":7,"minzoom":6.1,"capital":0},"geometry":{"type":"Point","coordinates":[76.3393,-69.4341]}},{"type":"Feature","properties":{"name":"Vostok Station","country":"Antarctica","admin1":null,"iso":"AQ","pop":25,"rank":7,"minzoom":6.7,"capital":0},"geometry":{"type":"Point","coordinates":[106.8,-78.4663]}},{"type":"Feature","properties":{"name":"Peter I Island","country":"Antarctica","admin1":null,"iso":"AQ","pop":1,"rank":7,"minzoom":6.1,"capital":0},"geometry":{"type":"Point","coordinates":[-90.5842,-68.7952]}},{"type":"Feature","properties":{"name":"Mirny Station","country":"Antarctica","admin1":null,"iso":"AQ","pop":169,"rank":7,"minzoom":3,"capital":0},"geometry":{"type":"Point","coordinates":[93.0063,-66.5755]}},{"type":"Feature","properties":{"name":"Mawson Station","country":"Antarctica","admin1":null,"iso":"AQ","pop":60,"rank":7,"minzoom":6.1,"capital":0},"geometry":{"type":"Point","coordinates":[62.875,-67.6145]}},{"type":"Feature","properties":{"name":"Davis Station","country":"Antarctica","admin1":null,"iso":"AQ","pop":70,"rank":7,"minzoom":6.1,"capital":0},"geometry":{"type":"Point","coordinates":[78.1407,-68.7777]}},{"type":"Feature","properties":{"name":"Concordia Research Station","country":"Antarctica","admin1":null,"iso":"AQ","pop":30,"rank":7,"minzoom":6.7,"capital":0},"geometry":{"type":"Point","coordinates":[124.167,-74.6663]}},{"type":"Feature","properties":{"name":"Casey Station","country":"Antarctica","admin1":null,"iso":"AQ","pop":200,"rank":7,"minzoom":3,"capital":0},"geometry":{"type":"Point","coordinates":[110.5362,-66.2861]}},{"type":"Feature","properties":{"name":"Amundsen–Scott South Pole Station","country":"Antarctica","admin1":null,"iso":"AQ","pop":200,"rank":7,"minzoom":5,"capital":0},"geometry":{"type":"Point","coordinates":[176.9945,-90]}},{"type":"Feature","properties":{"name":"Wasa Station","country":"Antarctica","admin1":null,"iso":"AQ","pop":10,"rank":7,"minzoom":6.1,"capital":0},"geometry":{"type":"Point","coordinates":[-13.4167,-73.0496]}},{"type":"Feature","properties":{"name":"Troll Station","country":"Antarctica","admin1":null,"iso":"AQ","pop":44,"rank":7,"minzoom":6.1,"capital":0},"geometry":{"type":"Point","coordinates":[2.5333,-72.0163]}},{"type":"Feature","properties":{"name":"Svea Station","country":"Antarctica","admin1":null,"iso":"AQ","pop":10,"rank":7,"minzoom":6.1,"capital":0},"geometry":{"type":"Point","coordinates":[-11.2167,-74.5829]}},{"type":"Feature","properties":{"name":"Novolazarevskaya Station","country":"Antarctica","admin1":null,"iso":"AQ","pop":70,"rank":7,"minzoom":6.1,"capital":0},"geometry":{"type":"Point","coordinates":[-11.8502,-71.3012]}},{"type":"Feature","properties":{"name":"Neumayer Station III","country":"Antarctica","admin1":null,"iso":"AQ","pop":40,"rank":7,"minzoom":6.1,"capital":0},"geometry":{"type":"Point","coordinates":[-7.8384,-70.8904]}},{"type":"Feature","properties":{"name":"Maitri Station","country":"Antarctica","admin1":null,"iso":"AQ","pop":65,"rank":7,"minzoom":6.1,"capital":0},"geometry":{"type":"Point","coordinates":[11.7305,-70.7822]}},{"type":"Feature","properties":{"name":"Halley Station","country":"Antarctica","admin1":null,"iso":"AQ","pop":70,"rank":7,"minzoom":6.1,"capital":0},"geometry":{"type":"Point","coordinates":[-26.4742,-76.0923]}},{"type":"Feature","properties":{"name":"Belgrano II Base","country":"Antarctica","admin1":null,"iso":"AQ","pop":100,"rank":7,"minzoom":6.1,"capital":0},"geometry":{"type":"Point","coordinates":[-34.6167,-77.8663]}},{"type":"Feature","properties":{"name":"Sobral Base","country":"Antarctica","admin1":null,"iso":"AQ","pop":40,"rank":7,"minzoom":6.1,"capital":0},"geometry":{"type":"Point","coordinates":[-40.5015,-81.1791]}},{"type":"Feature","properties":{"name":"Aboa Station","country":"Antarctica","admin1":null,"iso":"AQ","pop":18,"rank":7,"minzoom":6.1,"capital":0},"geometry":{"type":"Point","coordinates":[-13.4167,-75.0496]}},{"type":"Feature","properties":{"name":"San Martín Base","country":"Antarctica","admin1":null,"iso":"AQ","pop":20,"rank":7,"minzoom":6.1,"capital":0},"geometry":{"type":"Point","coordinates":[-67.1,-68.1163]}},{"type":"Feature","properties":{"name":"Gen. O'Higgins Base","country":"Antarctica","admin1":null,"iso":"AQ","pop":44,"rank":7,"minzoom":6.1,"capital":0},"geometry":{"type":"Point","coordinates":[-57.8896,-63.3284]}},{"type":"Feature","properties":{"name":"Esperanza Base","country":"Antarctica","admin1":null,"iso":"AQ","pop":250,"rank":7,"minzoom":3,"capital":0},"geometry":{"type":"Point","coordinates":[-57.0259,-63.3753]}},{"type":"Feature","properties":{"name":"Orcadas Station","country":"Antarctica","admin1":null,"iso":"AQ","pop":45,"rank":7,"minzoom":6.1,"capital":0},"geometry":{"type":"Point","coordinates":[-44.7333,-60.7329]}},{"type":"Feature","properties":{"name":"Signy Research Station","country":"Antarctica","admin1":null,"iso":"AQ","pop":8,"rank":7,"minzoom":6.1,"capital":0},"geometry":{"type":"Point","coordinates":[-45.6007,-60.6313]}},{"type":"Feature","properties":{"name":"Dumont d'Urville Station","country":"Antarctica","admin1":null,"iso":"AQ","pop":120,"rank":7,"minzoom":4,"capital":0},"geometry":{"type":"Point","coordinates":[139.9637,-66.7751]}},{"type":"Feature","properties":{"name":"Showa Station","country":"Antarctica","admin1":null,"iso":"AQ","pop":60,"rank":7,"minzoom":6.1,"capital":0},"geometry":{"type":"Point","coordinates":[39.7461,-69.0304]}},{"type":"Feature","properties":{"name":"Gibraltar","country":"Gibraltar","admin1":"Gibraltar","iso":"GI","pop":187083,"rank":6,"minzoom":5.1,"capital":0},"geometry":{"type":"Point","coordinates":[-5.346,36.1283]}},{"type":"Feature","properties":{"name":"Lobamba","country":"eSwatini","admin1":"Manzini","iso":"SZ","pop":9782,"rank":6,"minzoom":6,"capital":0},"geometry":{"type":"Point","coordinates":[31.2,-26.4667]}},{"type":"Feature","properties":{"name":"Edinburgh","country":"United Kingdom","admin1":"Edinburgh","iso":"GB","pop":504966,"rank":6,"minzoom":5.1,"capital":0},"geometry":{"type":"Point","coordinates":[-3.2191,55.9483]}},{"type":"Feature","properties":{"name":"Cardiff","country":"United Kingdom","admin1":"Cardiff","iso":"GB","pop":861400,"rank":6,"minzoom":5.1,"capital":0},"geometry":{"type":"Point","coordinates":[-3.1676,51.4826]}},{"type":"Feature","properties":{"name":"Longyearbyen","country":"Svalbard and Jan Mayen Islands","admin1":"Svalbard","iso":"SJ","pop":1232,"rank":6,"minzoom":6,"capital":0},"geometry":{"type":"Point","coordinates":[15.6209,78.221]}},{"type":"Feature","properties":{"name":"Luxembourg","country":"Luxembourg","admin1":"Luxembourg","iso":"LU","pop":107260,"rank":6,"minzoom":6,"capital":1},"geometry":{"type":"Point","coordinates":[6.13,49.6117]}},{"type":"Feature","properties":{"name":"Turin","country":"Italy","admin1":"Piemonte","iso":"IT","pop":1652000,"rank":6,"minzoom":6,"capital":0},"geometry":{"type":"Point","coordinates":[7.668,45.0723]}},{"type":"Feature","properties":{"name":"Nouméa","country":"New Caledonia","admin1":"Sud","iso":"NC","pop":93060,"rank":6,"minzoom":6,"capital":0},"geometry":{"type":"Point","coordinates":[166.4443,-22.2625]}},{"type":"Feature","properties":{"name":"Matsuyama","country":"Japan","admin1":"Ehime","iso":"JP","pop":533541,"rank":6,"minzoom":6,"capital":0},"geometry":{"type":"Point","coordinates":[132.7658,33.8455]}},{"type":"Feature","properties":{"name":"Rennes","country":"France","admin1":"Bretagne","iso":"FR","pop":209375,"rank":6,"minzoom":6,"capital":0},"geometry":{"type":"Point","coordinates":[-1.67,48.1]}},{"type":"Feature","properties":{"name":"Toulouse","country":"France","admin1":"Midi-Pyrénées","iso":"FR","pop":847000,"rank":6,"minzoom":6,"capital":0},"geometry":{"type":"Point","coordinates":[1.448,43.6219]}},{"type":"Feature","properties":{"name":"Limoges","country":"France","admin1":"Limousin","iso":"FR","pop":152199,"rank":6,"minzoom":6.7,"capital":0},"geometry":{"type":"Point","coordinates":[1.25,45.83]}},{"type":"Feature","properties":{"name":"Lille","country":"France","admin1":"Nord-Pas-de-Calais","iso":"FR","pop":1044000,"rank":6,"minzoom":6,"capital":0},"geometry":{"type":"Point","coordinates":[3.0781,50.6519]}},{"type":"Feature","properties":{"name":"Strasbourg","country":"France","admin1":"Alsace","iso":"FR","pop":439972,"rank":6,"minzoom":6,"capital":0},"geometry":{"type":"Point","coordinates":[7.75,48.58]}},{"type":"Feature","properties":{"name":"Batumi","country":"Georgia","admin1":"Ajaria","iso":"GE","pop":155542,"rank":6,"minzoom":6,"capital":0},"geometry":{"type":"Point","coordinates":[41.63,41.6]}},{"type":"Feature","properties":{"name":"Funchal","country":"Portugal","admin1":"Madeira","iso":"PT","pop":204767,"rank":6,"minzoom":6,"capital":0},"geometry":{"type":"Point","coordinates":[-16.88,32.65]}},{"type":"Feature","properties":{"name":"El Fasher","country":"Sudan","admin1":"Northern Darfur","iso":"SD","pop":252609,"rank":6,"minzoom":6,"capital":0},"geometry":{"type":"Point","coordinates":[25.35,13.63]}},{"type":"Feature","properties":{"name":"Keetmanshoop","country":"Namibia","admin1":"Karas","iso":"NA","pop":18039,"rank":6,"minzoom":6,"capital":0},"geometry":{"type":"Point","coordinates":[18.13,-26.5739]}},{"type":"Feature","properties":{"name":"Swakopmund","country":"Namibia","admin1":"Erongo","iso":"NA","pop":29491,"rank":6,"minzoom":6,"capital":0},"geometry":{"type":"Point","coordinates":[14.535,-22.6689]}},{"type":"Feature","properties":{"name":"Genoa","country":"Italy","admin1":"Liguria","iso":"IT","pop":647497,"rank":6,"minzoom":5.1,"capital":0},"geometry":{"type":"Point","coordinates":[8.93,44.41]}},{"type":"Feature","properties":{"name":"Sukhumi","country":"Georgia","admin1":"Abkhazia","iso":"GE","pop":81546,"rank":6,"minzoom":6,"capital":0},"geometry":{"type":"Point","coordinates":[41.02,43.02]}},{"type":"Feature","properties":{"name":"Palikir","country":"Federated States of Micronesia","admin1":null,"iso":"FM","pop":4645,"rank":6,"minzoom":6,"capital":1},"geometry":{"type":"Point","coordinates":[158.15,6.9166]}},{"type":"Feature","properties":{"name":"Majuro","country":"Marshall Islands","admin1":null,"iso":"MH","pop":25400,"rank":6,"minzoom":6,"capital":1},"geometry":{"type":"Point","coordinates":[171.38,7.103]}},{"type":"Feature","properties":{"name":"Agana","country":"Guam","admin1":null,"iso":"GU","pop":122411,"rank":6,"minzoom":6,"capital":0},"geometry":{"type":"Point","coordinates":[144.75,13.47]}},{"type":"Feature","properties":{"name":"Funafuti","country":"Tuvalu","admin1":null,"iso":"TV","pop":4749,"rank":6,"minzoom":6,"capital":1},"geometry":{"type":"Point","coordinates":[179.2166,-8.5167]}},{"type":"Feature","properties":{"name":"Melekeok","country":"Palau","admin1":null,"iso":"PW","pop":7026,"rank":6,"minzoom":6,"capital":1},"geometry":{"type":"Point","coordinates":[134.6265,7.4874]}},{"type":"Feature","properties":{"name":"Bir Lehlou","country":"Western Sahara","admin1":null,"iso":"EH","pop":500,"rank":6,"minzoom":6,"capital":0},"geometry":{"type":"Point","coordinates":[-9.6525,26.1192]}},{"type":"Feature","properties":{"name":"Monaco","country":"Monaco","admin1":null,"iso":"MC","pop":36371,"rank":6,"minzoom":5.1,"capital":1},"geometry":{"type":"Point","coordinates":[7.4069,43.7396]}},{"type":"Feature","properties":{"name":"Tarawa","country":"Kiribati","admin1":null,"iso":"KI","pop":28802,"rank":6,"minzoom":6,"capital":1},"geometry":{"type":"Point","coordinates":[173.0176,1.3382]}},{"type":"Feature","properties":{"name":"Moroni","country":"Comoros","admin1":null,"iso":"KM","pop":128698,"rank":6,"minzoom":6,"capital":1},"geometry":{"type":"Point","coordinates":[43.2402,-11.7042]}},{"type":"Feature","properties":{"name":"Macau","country":"Macau S.A.R","admin1":null,"iso":"MO","pop":568700,"rank":6,"minzoom":6,"capital":0},"geometry":{"type":"Point","coordinates":[113.5444,22.1891]}},{"type":"Feature","properties":{"name":"Andorra","country":"Andorra","admin1":null,"iso":"AD","pop":53998,"rank":6,"minzoom":6,"capital":1},"geometry":{"type":"Point","coordinates":[1.5266,42.5108]}},{"type":"Feature","properties":{"name":"San Bernardino","country":"United States of America","admin1":"California","iso":"US","pop":1745000,"rank":4,"minzoom":5.6,"capital":0},"geometry":{"type":"Point","coordinates":[-117.302,34.1223]}},{"type":"Feature","properties":{"name":"Bridgeport","country":"United States of America","admin1":"Connecticut","iso":"US","pop":1018000,"rank":4,"minzoom":5.6,"capital":0},"geometry":{"type":"Point","coordinates":[-73.2019,41.1819]}},{"type":"Feature","properties":{"name":"Rochester","country":"United States of America","admin1":"New York","iso":"US","pop":755000,"rank":4,"minzoom":5.1,"capital":0},"geometry":{"type":"Point","coordinates":[-77.6219,43.1724]}},{"type":"Feature","properties":{"name":"Manchester","country":"United Kingdom","admin1":"Manchester","iso":"GB","pop":2230000,"rank":4,"minzoom":5,"capital":0},"geometry":{"type":"Point","coordinates":[-2.2487,53.4753]}},{"type":"Feature","properties":{"name":"Gujranwala","country":"Pakistan","admin1":"Punjab","iso":"PK","pop":1513000,"rank":4,"minzoom":5.6,"capital":0},"geometry":{"type":"Point","coordinates":[74.1831,32.1624]}},{"type":"Feature","properties":{"name":"Incheon","country":"South Korea","admin1":"Inch'on-gwangyoksi","iso":"KR","pop":2550000,"rank":4,"minzoom":5.6,"capital":0},"geometry":{"type":"Point","coordinates":[126.6403,37.4781]}},{"type":"Feature","properties":{"name":"Benin City","country":"Nigeria","admin1":"Edo","iso":"NG","pop":1190000,"rank":4,"minzoom":5.6,"capital":0},"geometry":{"type":"Point","coordinates":[5.6181,6.3424]}},{"type":"Feature","properties":{"name":"Xiamen","country":"China","admin1":"Fujian","iso":"CN","pop":2519000,"rank":4,"minzoom":5.6,"capital":0},"geometry":{"type":"Point","coordinates":[118.0781,24.4519]}},{"type":"Feature","properties":{"name":"Nanchong","country":"China","admin1":"Sichuan","iso":"CN","pop":2174000,"rank":4,"minzoom":5.6,"capital":0},"geometry":{"type":"Point","coordinates":[106.1281,30.7824]}},{"type":"Feature","properties":{"name":"Neijiang","country":"China","admin1":"Sichuan","iso":"CN","pop":1466000,"rank":4,"minzoom":5.6,"capital":0},"geometry":{"type":"Point","coordinates":[105.0481,29.5823]}},{"type":"Feature","properties":{"name":"Nanyang","country":"China","admin1":"Henan","iso":"CN","pop":1944000,"rank":4,"minzoom":5.6,"capital":0},"geometry":{"type":"Point","coordinates":[112.5281,33.0023]}},{"type":"Feature","properties":{"name":"Jinxi","country":"China","admin1":"Liaoning","iso":"CN","pop":2426000,"rank":4,"minzoom":5.6,"capital":0},"geometry":{"type":"Point","coordinates":[120.828,40.7523]}},{"type":"Feature","properties":{"name":"Yantai","country":"China","admin1":"Shandong","iso":"CN","pop":2116000,"rank":4,"minzoom":5.6,"capital":0},"geometry":{"type":"Point","coordinates":[121.3981,37.5324]}},{"type":"Feature","properties":{"name":"Zaozhuang","country":"China","admin1":"Shandong","iso":"CN","pop":2145000,"rank":4,"minzoom":5.1,"capital":0},"geometry":{"type":"Point","coordinates":[117.5681,34.8819]}},{"type":"Feature","properties":{"name":"Suzhou","country":"China","admin1":"Jiangsu","iso":"CN","pop":1650000,"rank":4,"minzoom":5.6,"capital":0},"geometry":{"type":"Point","coordinates":[120.6181,31.3024]}},{"type":"Feature","properties":{"name":"Xuzhou","country":"China","admin1":"Jiangsu","iso":"CN","pop":2091000,"rank":4,"minzoom":5.6,"capital":0},"geometry":{"type":"Point","coordinates":[117.1781,34.282]}},{"type":"Feature","properties":{"name":"Wuxi","country":"China","admin1":"Jiangsu","iso":"CN","pop":1749000,"rank":4,"minzoom":5.6,"capital":0},"geometry":{"type":"Point","coordinates":[120.298,31.5819]}},{"type":"Feature","properties":{"name":"Jilin","country":"China","admin1":"Jilin","iso":"CN","pop":2396000,"rank":4,"minzoom":5.6,"capital":0},"geometry":{"type":"Point","coordinates":[126.5481,43.8519]}},{"type":"Feature","properties":{"name":"Chandigarh","country":"India","admin1":"Chandigarh","iso":"IN","pop":979000,"rank":4,"minzoom":5.6,"capital":0},"geometry":{"type":"Point","coordinates":[76.7781,30.7219]}},{"type":"Feature","properties":{"name":"Jammu","country":"India","admin1":"Jammu and Kashmir","iso":"IN","pop":791000,"rank":4,"minzoom":5.6,"capital":0},"geometry":{"type":"Point","coordinates":[74.8448,32.7137]}},{"type":"Feature","properties":{"name":"Sholapur","country":"India","admin1":"Maharashtra","iso":"IN","pop":1057000,"rank":4,"minzoom":5.6,"capital":0},"geometry":{"type":"Point","coordinates":[75.8981,17.6724]}},{"type":"Feature","properties":{"name":"Aurangabad","country":"India","admin1":"Maharashtra","iso":"IN","pop":1113000,"rank":4,"minzoom":5.6,"capital":0},"geometry":{"type":"Point","coordinates":[75.3289,19.8617]}},{"type":"Feature","properties":{"name":"Nasik","country":"India","admin1":"Maharashtra","iso":"IN","pop":1473000,"rank":4,"minzoom":5.6,"capital":0},"geometry":{"type":"Point","coordinates":[73.778,20.0024]}},{"type":"Feature","properties":{"name":"Dispur","country":"India","admin1":"Assam","iso":"IN","pop":16140,"rank":4,"minzoom":5.6,"capital":0},"geometry":{"type":"Point","coordinates":[91.7666,26.144]}},{"type":"Feature","properties":{"name":"Jullundur","country":"India","admin1":"Punjab","iso":"IN","pop":855000,"rank":4,"minzoom":5.6,"capital":0},"geometry":{"type":"Point","coordinates":[75.5671,31.3369]}},{"type":"Feature","properties":{"name":"Allahabad","country":"India","admin1":"Uttar Pradesh","iso":"IN","pop":1201000,"rank":4,"minzoom":5.6,"capital":0},"geometry":{"type":"Point","coordinates":[81.8381,25.4569]}},{"type":"Feature","properties":{"name":"Moradabad","country":"India","admin1":"Uttar Pradesh","iso":"IN","pop":787000,"rank":4,"minzoom":5.6,"capital":0},"geometry":{"type":"Point","coordinates":[78.7548,28.8437]}},{"type":"Feature","properties":{"name":"Ghaziabad","country":"India","admin1":"Uttar Pradesh","iso":"IN","pop":1341000,"rank":4,"minzoom":5.6,"capital":0},"geometry":{"type":"Point","coordinates":[77.4064,28.6623]}},{"type":"Feature","properties":{"name":"Agra","country":"India","admin1":"Uttar Pradesh","iso":"IN","pop":1592000,"rank":4,"minzoom":5.6,"capital":0},"geometry":{"type":"Point","coordinates":[78.0131,27.1724]}},{"type":"Feature","properties":{"name":"Aligarh","country":"India","admin1":"Uttar Pradesh","iso":"IN","pop":805000,"rank":4,"minzoom":5.6,"capital":0},"geometry":{"type":"Point","coordinates":[78.0598,27.8942]}},{"type":"Feature","properties":{"name":"Meerut","country":"India","admin1":"Uttar Pradesh","iso":"IN","pop":1398000,"rank":4,"minzoom":5.6,"capital":0},"geometry":{"type":"Point","coordinates":[77.6981,29.0024]}},{"type":"Feature","properties":{"name":"Dhanbad","country":"India","admin1":"Jharkhand","iso":"IN","pop":1246000,"rank":4,"minzoom":5.6,"capital":0},"geometry":{"type":"Point","coordinates":[86.418,23.8023]}},{"type":"Feature","properties":{"name":"Gwalior","country":"India","admin1":"Madhya Pradesh","iso":"IN","pop":978000,"rank":4,"minzoom":5.6,"capital":0},"geometry":{"type":"Point","coordinates":[78.1692,26.2]}},{"type":"Feature","properties":{"name":"Vadodara","country":"India","admin1":"Dadra and Nagar Haveli","iso":"IN","pop":1756000,"rank":4,"minzoom":5.6,"capital":0},"geometry":{"type":"Point","coordinates":[73.1781,22.312]}},{"type":"Feature","properties":{"name":"Rajkot","country":"India","admin1":"Dadra and Nagar Haveli","iso":"IN","pop":1260000,"rank":4,"minzoom":5.6,"capital":0},"geometry":{"type":"Point","coordinates":[70.7981,22.312]}},{"type":"Feature","properties":{"name":"Durazno","country":"Uruguay","admin1":"Durazno","iso":"UY","pop":34037,"rank":4,"minzoom":5.6,"capital":0},"geometry":{"type":"Point","coordinates":[-56.51,-33.41]}},{"type":"Feature","properties":{"name":"International Falls","country":"United States of America","admin1":"Minnesota","iso":"US","pop":15240,"rank":4,"minzoom":5.6,"capital":0},"geometry":{"type":"Point","coordinates":[-93.4108,48.6011]}},{"type":"Feature","properties":{"name":"St.  Paul","country":"United States of America","admin1":"Minnesota","iso":"US","pop":734854,"rank":4,"minzoom":5.6,"capital":0},"geometry":{"type":"Point","coordinates":[-93.085,44.944]}},{"type":"Feature","properties":{"name":"Billings","country":"United States of America","admin1":"Montana","iso":"US","pop":104552,"rank":4,"minzoom":5.6,"capital":0},"geometry":{"type":"Point","coordinates":[-108.54,45.7883]}},{"type":"Feature","properties":{"name":"Great Falls","country":"United States of America","admin1":"Montana","iso":"US","pop":66558,"rank":4,"minzoom":5.6,"capital":0},"geometry":{"type":"Point","coordinates":[-111.3,47.5003]}},{"type":"Feature","properties":{"name":"Missoula","country":"United States of America","admin1":"Montana","iso":"US","pop":72856,"rank":4,"minzoom":5.6,"capital":0},"geometry":{"type":"Point","coordinates":[-113.9931,46.8722]}},{"type":"Feature","properties":{"name":"Minot","country":"United States of America","admin1":"North Dakota","iso":"US","pop":39439,"rank":4,"minzoom":5.6,"capital":0},"geometry":{"type":"Point","coordinates":[-101.2958,48.2325]}},{"type":"Feature","properties":{"name":"Fargo","country":"United States of America","admin1":"North Dakota","iso":"US","pop":162842,"rank":4,"minzoom":5.1,"capital":0},"geometry":{"type":"Point","coordinates":[-96.7894,46.8772]}},{"type":"Feature","properties":{"name":"Hilo","country":"United States of America","admin1":"Hawaii","iso":"US","pop":52391,"rank":4,"minzoom":5.1,"capital":0},"geometry":{"type":"Point","coordinates":[-155.0815,19.7056]}},{"type":"Feature","properties":{"name":"Olympia","country":"United States of America","admin1":"Washington","iso":"US","pop":156984,"rank":4,"minzoom":5.6,"capital":0},"geometry":{"type":"Point","coordinates":[-122.8994,47.038]}},{"type":"Feature","properties":{"name":"Spokane","country":"United States of America","admin1":"Washington","iso":"US","pop":347705,"rank":4,"minzoom":5.1,"capital":0},"geometry":{"type":"Point","coordinates":[-117.4199,47.67]}},{"type":"Feature","properties":{"name":"Vancouver","country":"United States of America","admin1":"Washington","iso":"US","pop":525802,"rank":4,"minzoom":5.6,"capital":0},"geometry":{"type":"Point","coordinates":[-122.64,45.6303]}},{"type":"Feature","properties":{"name":"Flagstaff","country":"United States of America","admin1":"Arizona","iso":"US","pop":63993,"rank":4,"minzoom":5.1,"capital":0},"geometry":{"type":"Point","coordinates":[-111.6505,35.1981]}},{"type":"Feature","properties":{"name":"Tucson","country":"United States of America","admin1":"Arizona","iso":"US","pop":823000,"rank":4,"minzoom":5.1,"capital":0},"geometry":{"type":"Point","coordinates":[-110.8919,32.2069]}},{"type":"Feature","properties":{"name":"Santa Barbara","country":"United States of America","admin1":"California","iso":"US","pop":181632,"rank":4,"minzoom":5.6,"capital":0},"geometry":{"type":"Point","coordinates":[-119.7166,34.4108]}},{"type":"Feature","properties":{"name":"Fresno","country":"United States of America","admin1":"California","iso":"US","pop":616353,"rank":4,"minzoom":5.1,"capital":0},"geometry":{"type":"Point","coordinates":[-119.773,36.7477]}},{"type":"Feature","properties":{"name":"Eureka","country":"United States of America","admin1":"California","iso":"US","pop":42398,"rank":4,"minzoom":5,"capital":0},"geometry":{"type":"Point","coordinates":[-124.1504,40.793]}},{"type":"Feature","properties":{"name":"Colorado Springs","country":"United States of America","admin1":"Colorado","iso":"US","pop":493654,"rank":4,"minzoom":5.6,"capital":0},"geometry":{"type":"Point","coordinates":[-104.792,38.863]}},{"type":"Feature","properties":{"name":"Reno","country":"United States of America","admin1":"Nevada","iso":"US","pop":328585,"rank":4,"minzoom":5.1,"capital":0},"geometry":{"type":"Point","coordinates":[-119.82,39.53]}},{"type":"Feature","properties":{"name":"Elko","country":"United States of America","admin1":"Nevada","iso":"US","pop":19252,"rank":4,"minzoom":5.6,"capital":0},"geometry":{"type":"Point","coordinates":[-115.762,40.8325]}},{"type":"Feature","properties":{"name":"Albuquerque","country":"United States of America","admin1":"New Mexico","iso":"US","pop":898642,"rank":4,"minzoom":5.1,"capital":0},"geometry":{"type":"Point","coordinates":[-106.6413,35.105]}},{"type":"Feature","properties":{"name":"Salem","country":"United States of America","admin1":"Oregon","iso":"US","pop":229010,"rank":4,"minzoom":5.6,"capital":0},"geometry":{"type":"Point","coordinates":[-123.0239,44.9281]}},{"type":"Feature","properties":{"name":"Casper","country":"United States of America","admin1":"Wyoming","iso":"US","pop":60791,"rank":4,"minzoom":5.6,"capital":0},"geometry":{"type":"Point","coordinates":[-106.3232,42.8469]}},{"type":"Feature","properties":{"name":"Topeka","country":"United States of America","admin1":"Kansas","iso":"US","pop":132091,"rank":4,"minzoom":5.1,"capital":0},"geometry":{"type":"Point","coordinates":[-95.67,39.05]}},{"type":"Feature","properties":{"name":"Kansas City","country":"United States of America","admin1":"Missouri","iso":"US","pop":1469000,"rank":4,"minzoom":5.1,"capital":0},"geometry":{"type":"Point","coordinates":[-94.606,39.109]}},{"type":"Feature","properties":{"name":"Tulsa","country":"United States of America","admin1":"Oklahoma","iso":"US","pop":946962,"rank":4,"minzoom":5.6,"capital":0},"geometry":{"type":"Point","coordinates":[-95.93,36.12]}},{"type":"Feature","properties":{"name":"Sioux Falls","country":"United States of America","admin1":"South Dakota","iso":"US","pop":155724,"rank":4,"minzoom":5.6,"capital":0},"geometry":{"type":"Point","coordinates":[-96.73,43.55]}},{"type":"Feature","properties":{"name":"Shreveport","country":"United States of America","admin1":"Louisiana","iso":"US","pop":248053,"rank":4,"minzoom":5.6,"capital":0},"geometry":{"type":"Point","coordinates":[-93.77,32.5]}},{"type":"Feature","properties":{"name":"Baton Rouge","country":"United States of America","admin1":"Louisiana","iso":"US","pop":422072,"rank":4,"minzoom":5.6,"capital":0},"geometry":{"type":"Point","coordinates":[-91.1402,30.4579]}},{"type":"Feature","properties":{"name":"Ft.  Worth","country":"United States of America","admin1":"Texas","iso":"US","pop":1440454,"rank":4,"minzoom":5.1,"capital":0},"geometry":{"type":"Point","coordinates":[-97.34,32.74]}},{"type":"Feature","properties":{"name":"Corpus Christi","country":"United States of America","admin1":"Texas","iso":"US","pop":277454,"rank":4,"minzoom":5.6,"capital":0},"geometry":{"type":"Point","coordinates":[-97.4019,27.7428]}},{"type":"Feature","properties":{"name":"Austin","country":"United States of America","admin1":"Texas","iso":"US","pop":1161000,"rank":4,"minzoom":5.1,"capital":0},"geometry":{"type":"Point","coordinates":[-97.7447,30.2689]}},{"type":"Feature","properties":{"name":"Amarillo","country":"United States of America","admin1":"Texas","iso":"US","pop":181766,"rank":4,"minzoom":5.6,"capital":0},"geometry":{"type":"Point","coordinates":[-101.83,35.23]}},{"type":"Feature","properties":{"name":"El Paso","country":"United States of America","admin1":"Texas","iso":"US","pop":753000,"rank":4,"minzoom":5.1,"capital":0},"geometry":{"type":"Point","coordinates":[-106.5119,31.7819]}},{"type":"Feature","properties":{"name":"Laredo","country":"United States of America","admin1":"Texas","iso":"US","pop":434768,"rank":4,"minzoom":5.6,"capital":0},"geometry":{"type":"Point","coordinates":[-99.5072,27.5061]}},{"type":"Feature","properties":{"name":"Mérida","country":"Venezuela","admin1":"Mérida","iso":"VE","pop":345489,"rank":4,"minzoom":5.6,"capital":0},"geometry":{"type":"Point","coordinates":[-71.1825,8.5695]}},{"type":"Feature","properties":{"name":"Burlington","country":"United States of America","admin1":"Vermont","iso":"US","pop":93807,"rank":4,"minzoom":5.6,"capital":0},"geometry":{"type":"Point","coordinates":[-73.2125,44.4758]}},{"type":"Feature","properties":{"name":"Montgomery","country":"United States of America","admin1":"Alabama","iso":"US","pop":198325,"rank":4,"minzoom":5.6,"capital":0},"geometry":{"type":"Point","coordinates":[-86.2792,32.3616]}},{"type":"Feature","properties":{"name":"Tallahassee","country":"United States of America","admin1":"Florida","iso":"US","pop":221222,"rank":4,"minzoom":5.6,"capital":0},"geometry":{"type":"Point","coordinates":[-84.28,30.45]}},{"type":"Feature","properties":{"name":"Orlando","country":"United States of America","admin1":"Florida","iso":"US","pop":1350000,"rank":4,"minzoom":5.1,"capital":0},"geometry":{"type":"Point","coordinates":[-81.382,28.5119]}},{"type":"Feature","properties":{"name":"Jacksonville","country":"United States of America","admin1":"Florida","iso":"US","pop":988000,"rank":4,"minzoom":5.1,"capital":0},"geometry":{"type":"Point","coordinates":[-81.6719,30.332]}},{"type":"Feature","properties":{"name":"Savannah","country":"United States of America","admin1":"Georgia","iso":"US","pop":180187,"rank":4,"minzoom":5.1,"capital":0},"geometry":{"type":"Point","coordinates":[-81.11,32.0211]}},{"type":"Feature","properties":{"name":"Columbia","country":"United States of America","admin1":"South Carolina","iso":"US","pop":398093,"rank":4,"minzoom":5.6,"capital":0},"geometry":{"type":"Point","coordinates":[-81.0313,33.9969]}},{"type":"Feature","properties":{"name":"Indianapolis","country":"United States of America","admin1":"Indiana","iso":"US","pop":1436000,"rank":4,"minzoom":5.1,"capital":0},"geometry":{"type":"Point","coordinates":[-86.172,39.7519]}},{"type":"Feature","properties":{"name":"Wilmington","country":"United States of America","admin1":"North Carolina","iso":"US","pop":161560,"rank":4,"minzoom":5.1,"capital":0},"geometry":{"type":"Point","coordinates":[-77.945,34.2255]}},{"type":"Feature","properties":{"name":"Knoxville","country":"United States of America","admin1":"Tennessee","iso":"US","pop":655400,"rank":4,"minzoom":5.6,"capital":0},"geometry":{"type":"Point","coordinates":[-83.92,35.97]}},{"type":"Feature","properties":{"name":"Richmond","country":"United States of America","admin1":"Virginia","iso":"US","pop":912000,"rank":4,"minzoom":5,"capital":0},"geometry":{"type":"Point","coordinates":[-77.4519,37.552]}},{"type":"Feature","properties":{"name":"Charleston","country":"United States of America","admin1":"West Virginia","iso":"US","pop":123799,"rank":4,"minzoom":5.1,"capital":0},"geometry":{"type":"Point","coordinates":[-81.6327,38.3497]}},{"type":"Feature","properties":{"name":"Baltimore","country":"United States of America","admin1":"Maryland","iso":"US","pop":2255000,"rank":4,"minzoom":5.6,"capital":0},"geometry":{"type":"Point","coordinates":[-76.6146,39.2815]}},{"type":"Feature","properties":{"name":"Syracuse","country":"United States of America","admin1":"New York","iso":"US","pop":662577,"rank":4,"minzoom":5.6,"capital":0},"geometry":{"type":"Point","coordinates":[-76.15,43.05]}},{"type":"Feature","properties":{"name":"Puerto Ayacucho","country":"Venezuela","admin1":"Amazonas","iso":"VE","pop":52526,"rank":4,"minzoom":5.6,"capital":0},"geometry":{"type":"Point","coordinates":[-67.6236,5.6639]}},{"type":"Feature","properties":{"name":"Port-of-Spain","country":"Trinidad and Tobago","admin1":"Port of Spain","iso":"TT","pop":294934,"rank":4,"minzoom":5.1,"capital":1},"geometry":{"type":"Point","coordinates":[-61.517,10.652]}},{"type":"Feature","properties":{"name":"Augusta","country":"United States of America","admin1":"Maine","iso":"US","pop":24042,"rank":4,"minzoom":5.6,"capital":0},"geometry":{"type":"Point","coordinates":[-69.78,44.3106]}},{"type":"Feature","properties":{"name":"Sault Ste. Marie","country":"United States of America","admin1":"Michigan","iso":"US","pop":83805,"rank":4,"minzoom":5.1,"capital":0},"geometry":{"type":"Point","coordinates":[-84.3453,46.4953]}},{"type":"Feature","properties":{"name":"Atakpamé","country":"Togo","admin1":"Plateaux","iso":"TG","pop":80683,"rank":4,"minzoom":5.6,"capital":0},"geometry":{"type":"Point","coordinates":[1.12,7.53]}},{"type":"Feature","properties":{"name":"Sousse","country":"Tunisia","admin1":"Sousse","iso":"TN","pop":327004,"rank":4,"minzoom":5.6,"capital":0},"geometry":{"type":"Point","coordinates":[10.625,35.83]}},{"type":"Feature","properties":{"name":"Taizz","country":"Yemen","admin1":"Ta`izz","iso":"YE","pop":751000,"rank":4,"minzoom":5.1,"capital":0},"geometry":{"type":"Point","coordinates":[44.0375,13.6064]}},{"type":"Feature","properties":{"name":"Sitka","country":"United States of America","admin1":"Alaska","iso":"US","pop":8931,"rank":4,"minzoom":5.1,"capital":0},"geometry":{"type":"Point","coordinates":[-135.3275,57.0604]}},{"type":"Feature","properties":{"name":"Lviv","country":"Ukraine","admin1":"L'viv","iso":"UA","pop":803880,"rank":4,"minzoom":5.1,"capital":0},"geometry":{"type":"Point","coordinates":[24.03,49.835]}},{"type":"Feature","properties":{"name":"Odessa","country":"Ukraine","admin1":"Odessa","iso":"UA","pop":991000,"rank":4,"minzoom":5.1,"capital":0},"geometry":{"type":"Point","coordinates":[30.7081,46.492]}},{"type":"Feature","properties":{"name":"Zhytomyr","country":"Ukraine","admin1":"Zhytomyr","iso":"UA","pop":282192,"rank":4,"minzoom":5.6,"capital":0},"geometry":{"type":"Point","coordinates":[28.6622,50.2456]}},{"type":"Feature","properties":{"name":"Dnipro","country":"Ukraine","admin1":"Dnipropetrovs'k","iso":"UA","pop":1050000,"rank":4,"minzoom":5.1,"capital":0},"geometry":{"type":"Point","coordinates":[34.9981,48.4819]}},{"type":"Feature","properties":{"name":"Donetsk","country":"Ukraine","admin1":"Donets'k","iso":"UA","pop":988000,"rank":4,"minzoom":5,"capital":0},"geometry":{"type":"Point","coordinates":[37.828,48.0019]}},{"type":"Feature","properties":{"name":"Kharkiv","country":"Ukraine","admin1":"Kharkiv","iso":"UA","pop":1461000,"rank":4,"minzoom":5.1,"capital":0},"geometry":{"type":"Point","coordinates":[36.2481,50.0019]}},{"type":"Feature","properties":{"name":"Türkmenbaşy","country":"Turkmenistan","admin1":"Balkan","iso":"TM","pop":68292,"rank":4,"minzoom":5.6,"capital":0},"geometry":{"type":"Point","coordinates":[52.9697,40.023]}},{"type":"Feature","properties":{"name":"Bukhara","country":"Uzbekistan","admin1":"Bukhoro","iso":"UZ","pop":319476,"rank":4,"minzoom":5.1,"capital":0},"geometry":{"type":"Point","coordinates":[64.43,39.78]}},{"type":"Feature","properties":{"name":"Nukus","country":"Uzbekistan","admin1":"Karakalpakstan","iso":"UZ","pop":230006,"rank":4,"minzoom":5.6,"capital":0},"geometry":{"type":"Point","coordinates":[59.615,42.47]}},{"type":"Feature","properties":{"name":"Türkmenabat","country":"Turkmenistan","admin1":"Chardzhou","iso":"TM","pop":234817,"rank":4,"minzoom":5.6,"capital":0},"geometry":{"type":"Point","coordinates":[63.58,39.11]}},{"type":"Feature","properties":{"name":"Mary","country":"Turkmenistan","admin1":"Mary","iso":"TM","pop":178708,"rank":4,"minzoom":5.1,"capital":0},"geometry":{"type":"Point","coordinates":[61.8333,37.6]}},{"type":"Feature","properties":{"name":"Andijan","country":"Uzbekistan","admin1":"Andijon","iso":"UZ","pop":650000,"rank":4,"minzoom":5.1,"capital":0},"geometry":{"type":"Point","coordinates":[72.34,40.79]}},{"type":"Feature","properties":{"name":"Haiphong","country":"Vietnam","admin1":"Qu?ng Ninh","iso":"VN","pop":1969000,"rank":4,"minzoom":5.6,"capital":0},"geometry":{"type":"Point","coordinates":[106.6781,20.832]}},{"type":"Feature","properties":{"name":"Da Nang","country":"Vietnam","admin1":"Ðà N?ng","iso":"VN","pop":1000000,"rank":4,"minzoom":5.6,"capital":0},"geometry":{"type":"Point","coordinates":[108.25,16.06]}},{"type":"Feature","properties":{"name":"Kabwe","country":"Zambia","admin1":"Central","iso":"ZM","pop":188979,"rank":4,"minzoom":5.6,"capital":0},"geometry":{"type":"Point","coordinates":[28.45,-14.44]}},{"type":"Feature","properties":{"name":"Mufulira","country":"Zambia","admin1":"Copperbelt","iso":"ZM","pop":153624,"rank":4,"minzoom":5.6,"capital":0},"geometry":{"type":"Point","coordinates":[28.26,-12.55]}},{"type":"Feature","properties":{"name":"Kitwe","country":"Zambia","admin1":"Copperbelt","iso":"ZM","pop":404901,"rank":4,"minzoom":5.6,"capital":0},"geometry":{"type":"Point","coordinates":[28.22,-12.81]}},{"type":"Feature","properties":{"name":"Livingstone","country":"Zambia","admin1":"Southern","iso":"ZM","pop":165480,"rank":4,"minzoom":5.6,"capital":0},"geometry":{"type":"Point","coordinates":[25.86,-17.86]}},{"type":"Feature","properties":{"name":"Chitungwiza","country":"Zimbabwe","admin1":"Harare","iso":"ZW","pop":340360,"rank":4,"minzoom":5.6,"capital":0},"geometry":{"type":"Point","coordinates":[31.1,-18.0]}},{"type":"Feature","properties":{"name":"Douala","country":"Cameroon","admin1":"Littoral","iso":"CM","pop":1906000,"rank":4,"minzoom":5.6,"capital":0},"geometry":{"type":"Point","coordinates":[9.708,4.0624]}},{"type":"Feature","properties":{"name":"Birmingham","country":"United Kingdom","admin1":"West Midlands","iso":"GB","pop":2285000,"rank":4,"minzoom":5,"capital":0},"geometry":{"type":"Point","coordinates":[-1.9219,52.4769]}},{"type":"Feature","properties":{"name":"Belfast","country":"United Kingdom","admin1":"Belfast","iso":"GB","pop":450406,"rank":4,"minzoom":5,"capital":0},"geometry":{"type":"Point","coordinates":[-5.9282,54.5942]}},{"type":"Feature","properties":{"name":"İzmir","country":"Turkey","admin1":"Izmir","iso":"TR","pop":2587000,"rank":4,"minzoom":5.1,"capital":0},"geometry":{"type":"Point","coordinates":[27.1498,38.4381]}},{"type":"Feature","properties":{"name":"Bursa","country":"Turkey","admin1":"Bursa","iso":"TR","pop":1492000,"rank":4,"minzoom":5.1,"capital":0},"geometry":{"type":"Point","coordinates":[29.0681,40.2019]}},{"type":"Feature","properties":{"name":"Samsun","country":"Turkey","admin1":"Samsun","iso":"TR","pop":609339,"rank":4,"minzoom":5.6,"capital":0},"geometry":{"type":"Point","coordinates":[36.3437,41.28]}},{"type":"Feature","properties":{"name":"Konya","country":"Turkey","admin1":"Konya","iso":"TR","pop":919000,"rank":4,"minzoom":5.6,"capital":0},"geometry":{"type":"Point","coordinates":[32.4731,37.877]}},{"type":"Feature","properties":{"name":"Adana","country":"Turkey","admin1":"Adana","iso":"TR","pop":1293000,"rank":4,"minzoom":5.1,"capital":0},"geometry":{"type":"Point","coordinates":[35.3181,36.9969]}},{"type":"Feature","properties":{"name":"Gulu","country":"Uganda","admin1":"Aswa","iso":"UG","pop":146858,"rank":4,"minzoom":5.6,"capital":0},"geometry":{"type":"Point","coordinates":[32.28,2.78]}},{"type":"Feature","properties":{"name":"Kigali","country":"Rwanda","admin1":"Kigali City","iso":"RW","pop":860000,"rank":4,"minzoom":5.1,"capital":1},"geometry":{"type":"Point","coordinates":[30.0586,-1.9516]}},{"type":"Feature","properties":{"name":"Cottica","country":"Suriname","admin1":"Sipaliwini","iso":"SR","pop":29210,"rank":4,"minzoom":5.6,"capital":0},"geometry":{"type":"Point","coordinates":[-54.2333,3.85]}},{"type":"Feature","properties":{"name":"Córdoba","country":"Spain","admin1":"Andalucía","iso":"ES","pop":321376,"rank":4,"minzoom":5.6,"capital":0},"geometry":{"type":"Point","coordinates":[-4.77,37.88]}},{"type":"Feature","properties":{"name":"Niamey","country":"Niger","admin1":"Maradi","iso":"NE","pop":232555,"rank":4,"minzoom":5.6,"capital":0},"geometry":{"type":"Point","coordinates":[7.0964,13.4916]}},{"type":"Feature","properties":{"name":"Tahoua","country":"Niger","admin1":"Tahoua","iso":"NE","pop":115956,"rank":4,"minzoom":5.6,"capital":0},"geometry":{"type":"Point","coordinates":[5.2599,14.9]}},{"type":"Feature","properties":{"name":"Constanța","country":"Romania","admin1":"Constanta","iso":"RO","pop":303399,"rank":4,"minzoom":5.6,"capital":0},"geometry":{"type":"Point","coordinates":[28.61,44.2027]}},{"type":"Feature","properties":{"name":"Luleå","country":"Sweden","admin1":"Norrbotten","iso":"SE","pop":48638,"rank":4,"minzoom":5.1,"capital":0},"geometry":{"type":"Point","coordinates":[22.1584,65.5966]}},{"type":"Feature","properties":{"name":"Sundsvall","country":"Sweden","admin1":"Västernorrland","iso":"SE","pop":73389,"rank":4,"minzoom":5.1,"capital":0},"geometry":{"type":"Point","coordinates":[17.3167,62.4001]}},{"type":"Feature","properties":{"name":"Iași","country":"Romania","admin1":"Iasi","iso":"RO","pop":325914,"rank":4,"minzoom":5.6,"capital":0},"geometry":{"type":"Point","coordinates":[27.5749,47.1683]}},{"type":"Feature","properties":{"name":"Surat Thani","country":"Thailand","admin1":"Surat Thani","iso":"TH","pop":157627,"rank":4,"minzoom":5.6,"capital":0},"geometry":{"type":"Point","coordinates":[99.3401,9.1501]}},{"type":"Feature","properties":{"name":"Chiang Mai","country":"Thailand","admin1":"Chiang Mai","iso":"TH","pop":397211,"rank":4,"minzoom":5.6,"capital":0},"geometry":{"type":"Point","coordinates":[98.98,18.8]}},{"type":"Feature","properties":{"name":"Nakhon Ratchasima","country":"Thailand","admin1":"Nakhon Ratchasima","iso":"TH","pop":334984,"rank":4,"minzoom":5.6,"capital":0},"geometry":{"type":"Point","coordinates":[102.1,15.0]}},{"type":"Feature","properties":{"name":"Mbabane","country":"eSwatini","admin1":"Hhohho","iso":"SZ","pop":90138,"rank":4,"minzoom":5.6,"capital":1},"geometry":{"type":"Point","coordinates":[31.1333,-26.3167]}},{"type":"Feature","properties":{"name":"Piura","country":"Peru","admin1":"Piura","iso":"PE","pop":396932,"rank":4,"minzoom":5.6,"capital":0},"geometry":{"type":"Point","coordinates":[-80.63,-5.21]}},{"type":"Feature","properties":{"name":"Arequipa","country":"Peru","admin1":"Arequipa","iso":"PE","pop":815000,"rank":4,"minzoom":5.6,"capital":0},"geometry":{"type":"Point","coordinates":[-71.532,-16.418]}},{"type":"Feature","properties":{"name":"Chimbote","country":"Peru","admin1":"Ancash","iso":"PE","pop":349846,"rank":4,"minzoom":5.6,"capital":0},"geometry":{"type":"Point","coordinates":[-78.57,-9.07]}},{"type":"Feature","properties":{"name":"Pucallpa","country":"Peru","admin1":"Ucayali","iso":"PE","pop":310750,"rank":4,"minzoom":5.1,"capital":0},"geometry":{"type":"Point","coordinates":[-74.535,-8.3689]}},{"type":"Feature","properties":{"name":"Iquitos","country":"Peru","admin1":"Loreto","iso":"PE","pop":458729,"rank":4,"minzoom":5.1,"capital":0},"geometry":{"type":"Point","coordinates":[-73.25,-3.75]}},{"type":"Feature","properties":{"name":"Huancayo","country":"Peru","admin1":"Junín","iso":"PE","pop":412733,"rank":4,"minzoom":5.6,"capital":0},"geometry":{"type":"Point","coordinates":[-75.2,-12.08]}},{"type":"Feature","properties":{"name":"Ciudad del Este","country":"Paraguay","admin1":"Alto Paran","iso":"PY","pop":320872,"rank":4,"minzoom":5.6,"capital":0},"geometry":{"type":"Point","coordinates":[-54.6161,-25.5167]}},{"type":"Feature","properties":{"name":"Ponta Delgada","country":"Portugal","admin1":"Azores","iso":"PT","pop":61526,"rank":4,"minzoom":5.6,"capital":0},"geometry":{"type":"Point","coordinates":[-25.6666,37.7483]}},{"type":"Feature","properties":{"name":"Vigo","country":"Spain","admin1":"Galicia","iso":"ES","pop":378952,"rank":4,"minzoom":5.6,"capital":0},"geometry":{"type":"Point","coordinates":[-8.73,42.22]}},{"type":"Feature","properties":{"name":"Bilbao","country":"Spain","admin1":"País Vasco","iso":"ES","pop":875552,"rank":4,"minzoom":5,"capital":0},"geometry":{"type":"Point","coordinates":[-2.93,43.25]}},{"type":"Feature","properties":{"name":"Kaolack","country":"Senegal","admin1":"Kaolack","iso":"SN","pop":277812,"rank":4,"minzoom":5.6,"capital":0},"geometry":{"type":"Point","coordinates":[-16.1,14.15]}},{"type":"Feature","properties":{"name":"Kaédi","country":"Senegal","admin1":"Matam","iso":"SN","pop":21656,"rank":4,"minzoom":5.6,"capital":0},"geometry":{"type":"Point","coordinates":[-13.5,16.15]}},{"type":"Feature","properties":{"name":"Geneina","country":"Sudan","admin1":"West Darfur","iso":"SD","pop":162981,"rank":4,"minzoom":5.6,"capital":0},"geometry":{"type":"Point","coordinates":[22.44,13.45]}},{"type":"Feature","properties":{"name":"Medina","country":"Saudi Arabia","admin1":"Al Madinah","iso":"SA","pop":1010000,"rank":4,"minzoom":5.1,"capital":0},"geometry":{"type":"Point","coordinates":[39.5781,24.5019]}},{"type":"Feature","properties":{"name":"Tabuk","country":"Saudi Arabia","admin1":"Tabuk","iso":"SA","pop":547957,"rank":4,"minzoom":5.6,"capital":0},"geometry":{"type":"Point","coordinates":[36.555,28.3838]}},{"type":"Feature","properties":{"name":"Juba","country":"South Sudan","admin1":"Central Equatoria","iso":"SS","pop":111975,"rank":4,"minzoom":5.1,"capital":0},"geometry":{"type":"Point","coordinates":[31.58,4.83]}},{"type":"Feature","properties":{"name":"Malakal","country":"South Sudan","admin1":"Upper Nile","iso":"SS","pop":160765,"rank":4,"minzoom":5.6,"capital":0},"geometry":{"type":"Point","coordinates":[31.656,9.5369]}},{"type":"Feature","properties":{"name":"Omdurman","country":"Sudan","admin1":"Khartoum","iso":"SD","pop":2395159,"rank":4,"minzoom":5.6,"capital":0},"geometry":{"type":"Point","coordinates":[32.48,15.6167]}},{"type":"Feature","properties":{"name":"Al-Ubayyid","country":"Sudan","admin1":"North Kurdufan","iso":"SD","pop":393311,"rank":4,"minzoom":5.6,"capital":0},"geometry":{"type":"Point","coordinates":[30.2167,13.1833]}},{"type":"Feature","properties":{"name":"The Hague","country":"Netherlands","admin1":"Zuid-Holland","iso":"NL","pop":1406000,"rank":4,"minzoom":5.6,"capital":0},"geometry":{"type":"Point","coordinates":[4.27,52.08]}},{"type":"Feature","properties":{"name":"Kristiansand","country":"Norway","admin1":"Vest-Agder","iso":"NO","pop":63814,"rank":4,"minzoom":5.6,"capital":0},"geometry":{"type":"Point","coordinates":[7.975,58.1456]}},{"type":"Feature","properties":{"name":"Ljubljana","country":"Slovenia","admin1":"Osrednjeslovenska","iso":"SI","pop":314807,"rank":4,"minzoom":5.6,"capital":1},"geometry":{"type":"Point","coordinates":[14.515,46.0553]}},{"type":"Feature","properties":{"name":"Bratislava","country":"Slovakia","admin1":"Bratislavský","iso":"SK","pop":423737,"rank":4,"minzoom":5.1,"capital":1},"geometry":{"type":"Point","coordinates":[17.117,48.15]}},{"type":"Feature","properties":{"name":"Hammerfest","country":"Norway","admin1":"Finnmark","iso":"NO","pop":10000,"rank":4,"minzoom":5.1,"capital":0},"geometry":{"type":"Point","coordinates":[23.688,70.6613]}},{"type":"Feature","properties":{"name":"Doha","country":"Qatar","admin1":"Ad Dawhah","iso":"QA","pop":1450000,"rank":4,"minzoom":5.6,"capital":1},"geometry":{"type":"Point","coordinates":[51.533,25.2866]}},{"type":"Feature","properties":{"name":"Quetta","country":"Pakistan","admin1":"Baluchistan","iso":"PK","pop":768000,"rank":4,"minzoom":5.6,"capital":0},"geometry":{"type":"Point","coordinates":[67.023,30.2219]}},{"type":"Feature","properties":{"name":"Larkana","country":"Pakistan","admin1":"Sind","iso":"PK","pop":364033,"rank":4,"minzoom":5.6,"capital":0},"geometry":{"type":"Point","coordinates":[68.2068,27.5618]}},{"type":"Feature","properties":{"name":"Springbok","country":"South Africa","admin1":"Northern Cape","iso":"ZA","pop":10438,"rank":4,"minzoom":5.6,"capital":0},"geometry":{"type":"Point","coordinates":[17.8833,-29.6667]}},{"type":"Feature","properties":{"name":"Upington","country":"South Africa","admin1":"Northern Cape","iso":"ZA","pop":71373,"rank":4,"minzoom":5.6,"capital":0},"geometry":{"type":"Point","coordinates":[21.23,-28.46]}},{"type":"Feature","properties":{"name":"Worcester","country":"South Africa","admin1":"Western Cape","iso":"ZA","pop":127597,"rank":4,"minzoom":5.6,"capital":0},"geometry":{"type":"Point","coordinates":[19.4399,-33.64]}},{"type":"Feature","properties":{"name":"George","country":"South Africa","admin1":"Western Cape","iso":"ZA","pop":174582,"rank":4,"minzoom":5.6,"capital":0},"geometry":{"type":"Point","coordinates":[22.45,-33.95]}},{"type":"Feature","properties":{"name":"Tete","country":"Mozambique","admin1":"Tete","iso":"MZ","pop":129316,"rank":4,"minzoom":5.6,"capital":0},"geometry":{"type":"Point","coordinates":[33.58,-16.17]}},{"type":"Feature","properties":{"name":"Pemba","country":"Mozambique","admin1":"Cabo Delgado","iso":"MZ","pop":110643,"rank":4,"minzoom":5.6,"capital":0},"geometry":{"type":"Point","coordinates":[40.5323,-12.983]}},{"type":"Feature","properties":{"name":"Nampula","country":"Mozambique","admin1":"Nampula","iso":"MZ","pop":388526,"rank":4,"minzoom":5.6,"capital":0},"geometry":{"type":"Point","coordinates":[39.293,-15.136]}},{"type":"Feature","properties":{"name":"Welkom","country":"South Africa","admin1":"Orange Free State","iso":"ZA","pop":431944,"rank":4,"minzoom":5.1,"capital":0},"geometry":{"type":"Point","coordinates":[26.73,-27.97]}},{"type":"Feature","properties":{"name":"Xai-Xai","country":"Mozambique","admin1":"Gaza","iso":"MZ","pop":128805,"rank":4,"minzoom":5.6,"capital":0},"geometry":{"type":"Point","coordinates":[33.64,-25.04]}},{"type":"Feature","properties":{"name":"Goroka","country":"Papua New Guinea","admin1":"Eastern Highlands","iso":"PG","pop":39699,"rank":4,"minzoom":5.6,"capital":0},"geometry":{"type":"Point","coordinates":[145.3855,-6.0833]}},{"type":"Feature","properties":{"name":"Mt.  Hagen","country":"Papua New Guinea","admin1":"Western Highlands","iso":"PG","pop":59064,"rank":4,"minzoom":5.6,"capital":0},"geometry":{"type":"Point","coordinates":[144.2168,-5.8632]}},{"type":"Feature","properties":{"name":"Rabaul","country":"Papua New Guinea","admin1":"East New Britain","iso":"PG","pop":8074,"rank":4,"minzoom":5.6,"capital":0},"geometry":{"type":"Point","coordinates":[152.1434,-4.2055]}},{"type":"Feature","properties":{"name":"Lae","country":"Papua New Guinea","admin1":"Morobe","iso":"PG","pop":131052,"rank":4,"minzoom":5.6,"capital":0},"geometry":{"type":"Point","coordinates":[146.99,-6.733]}},{"type":"Feature","properties":{"name":"David","country":"Panama","admin1":"Chiriquí","iso":"PA","pop":110037,"rank":4,"minzoom":5.6,"capital":0},"geometry":{"type":"Point","coordinates":[-82.4333,8.4333]}},{"type":"Feature","properties":{"name":"Oujda","country":"Morocco","admin1":"Oriental","iso":"MA","pop":409391,"rank":4,"minzoom":5.6,"capital":0},"geometry":{"type":"Point","coordinates":[-1.91,34.69]}},{"type":"Feature","properties":{"name":"Safi","country":"Morocco","admin1":"Doukkala - Abda","iso":"MA","pop":353476,"rank":4,"minzoom":5.6,"capital":0},"geometry":{"type":"Point","coordinates":[-9.24,32.32]}},{"type":"Feature","properties":{"name":"Podgorica","country":"Montenegro","admin1":"Podgorica","iso":"ME","pop":145850,"rank":4,"minzoom":5.6,"capital":1},"geometry":{"type":"Point","coordinates":[19.2663,42.466]}},{"type":"Feature","properties":{"name":"Quelimane","country":"Mozambique","admin1":"Zambezia","iso":"MZ","pop":188964,"rank":4,"minzoom":5.6,"capital":0},"geometry":{"type":"Point","coordinates":[36.89,-17.88]}},{"type":"Feature","properties":{"name":"East London","country":"South Africa","admin1":"Eastern Cape","iso":"ZA","pop":338627,"rank":4,"minzoom":5.6,"capital":0},"geometry":{"type":"Point","coordinates":[27.87,-32.97]}},{"type":"Feature","properties":{"name":"Middelburg","country":"South Africa","admin1":"Eastern Cape","iso":"ZA","pop":18164,"rank":4,"minzoom":5.1,"capital":0},"geometry":{"type":"Point","coordinates":[25.01,-31.5]}},{"type":"Feature","properties":{"name":"Nalchik","country":"Russia","admin1":"Kabardin-Balkar","iso":"RU","pop":307866,"rank":4,"minzoom":5.6,"capital":0},"geometry":{"type":"Point","coordinates":[43.6179,43.4981]}},{"type":"Feature","properties":{"name":"Stavropol","country":"Russia","admin1":"Stavropol'","iso":"RU","pop":363064,"rank":4,"minzoom":5.6,"capital":0},"geometry":{"type":"Point","coordinates":[41.98,45.05]}},{"type":"Feature","properties":{"name":"Ugolnye Kopi","country":"Russia","admin1":"Chukchi Autonomous Okrug","iso":"RU","pop":3367,"rank":4,"minzoom":5.6,"capital":0},"geometry":{"type":"Point","coordinates":[177.7,64.7333]}},{"type":"Feature","properties":{"name":"Kaliningrad","country":"Russia","admin1":"Kaliningrad","iso":"RU","pop":434954,"rank":4,"minzoom":5,"capital":0},"geometry":{"type":"Point","coordinates":[20.4973,54.7]}},{"type":"Feature","properties":{"name":"Pskov","country":"Russia","admin1":"Pskov","iso":"RU","pop":201990,"rank":4,"minzoom":5.1,"capital":0},"geometry":{"type":"Point","coordinates":[28.3299,57.83]}},{"type":"Feature","properties":{"name":"Bryansk","country":"Russia","admin1":"Bryansk","iso":"RU","pop":427236,"rank":4,"minzoom":5.1,"capital":0},"geometry":{"type":"Point","coordinates":[34.43,53.26]}},{"type":"Feature","properties":{"name":"Smolensk","country":"Russia","admin1":"Smolensk","iso":"RU","pop":320991,"rank":4,"minzoom":5.1,"capital":0},"geometry":{"type":"Point","coordinates":[32.0473,54.7827]}},{"type":"Feature","properties":{"name":"Petrozavodsk","country":"Russia","admin1":"Karelia","iso":"RU","pop":265025,"rank":4,"minzoom":5.1,"capital":0},"geometry":{"type":"Point","coordinates":[34.3612,61.7813]}},{"type":"Feature","properties":{"name":"Tver","country":"Russia","admin1":"Tver'","iso":"RU","pop":400212,"rank":4,"minzoom":5.6,"capital":0},"geometry":{"type":"Point","coordinates":[35.89,56.86]}},{"type":"Feature","properties":{"name":"Vologda","country":"Russia","admin1":"Vologda","iso":"RU","pop":294889,"rank":4,"minzoom":5.1,"capital":0},"geometry":{"type":"Point","coordinates":[39.92,59.21]}},{"type":"Feature","properties":{"name":"Yaroslavl","country":"Russia","admin1":"Yaroslavl'","iso":"RU","pop":606730,"rank":4,"minzoom":5.1,"capital":0},"geometry":{"type":"Point","coordinates":[39.87,57.62]}},{"type":"Feature","properties":{"name":"Rostov","country":"Russia","admin1":"Rostov","iso":"RU","pop":1052000,"rank":4,"minzoom":5.1,"capital":0},"geometry":{"type":"Point","coordinates":[39.7107,47.2366]}},{"type":"Feature","properties":{"name":"Sochi","country":"Russia","admin1":"Krasnodar","iso":"RU","pop":327608,"rank":4,"minzoom":5.1,"capital":0},"geometry":{"type":"Point","coordinates":[39.73,43.59]}},{"type":"Feature","properties":{"name":"Krasnodar","country":"Russia","admin1":"Krasnodar","iso":"RU","pop":649851,"rank":4,"minzoom":5.1,"capital":0},"geometry":{"type":"Point","coordinates":[39.0,45.02]}},{"type":"Feature","properties":{"name":"Penza","country":"Russia","admin1":"Penza","iso":"RU","pop":512602,"rank":4,"minzoom":5.1,"capital":0},"geometry":{"type":"Point","coordinates":[45.0,53.18]}},{"type":"Feature","properties":{"name":"Ryazan","country":"Russia","admin1":"Ryazan'","iso":"RU","pop":520173,"rank":4,"minzoom":5.6,"capital":0},"geometry":{"type":"Point","coordinates":[39.72,54.62]}},{"type":"Feature","properties":{"name":"Voronezh","country":"Russia","admin1":"Voronezh","iso":"RU","pop":844000,"rank":4,"minzoom":5.1,"capital":0},"geometry":{"type":"Point","coordinates":[39.1868,51.6654]}},{"type":"Feature","properties":{"name":"Magnitogorsk","country":"Russia","admin1":"Chelyabinsk","iso":"RU","pop":413351,"rank":4,"minzoom":5.1,"capital":0},"geometry":{"type":"Point","coordinates":[58.98,53.4227]}},{"type":"Feature","properties":{"name":"Chelyabinsk","country":"Russia","admin1":"Chelyabinsk","iso":"RU","pop":1091000,"rank":4,"minzoom":5.1,"capital":0},"geometry":{"type":"Point","coordinates":[61.4367,55.1569]}},{"type":"Feature","properties":{"name":"Vorkuta","country":"Russia","admin1":"Komi","iso":"RU","pop":80039,"rank":4,"minzoom":5.6,"capital":0},"geometry":{"type":"Point","coordinates":[64.01,67.5]}},{"type":"Feature","properties":{"name":"Kirov","country":"Russia","admin1":"Kirov","iso":"RU","pop":457437,"rank":4,"minzoom":5.1,"capital":0},"geometry":{"type":"Point","coordinates":[49.67,58.5901]}},{"type":"Feature","properties":{"name":"Nizhny Tagil","country":"Russia","admin1":"Sverdlovsk","iso":"RU","pop":381116,"rank":4,"minzoom":5.1,"capital":0},"geometry":{"type":"Point","coordinates":[59.975,57.92]}},{"type":"Feature","properties":{"name":"Astrakhan","country":"Russia","admin1":"Astrakhan'","iso":"RU","pop":502533,"rank":4,"minzoom":5.1,"capital":0},"geometry":{"type":"Point","coordinates":[48.055,46.3487]}},{"type":"Feature","properties":{"name":"Orenburg","country":"Russia","admin1":"Orenburg","iso":"RU","pop":550204,"rank":4,"minzoom":5.1,"capital":0},"geometry":{"type":"Point","coordinates":[55.11,51.78]}},{"type":"Feature","properties":{"name":"Saratov","country":"Russia","admin1":"Saratov","iso":"RU","pop":843000,"rank":4,"minzoom":5.1,"capital":0},"geometry":{"type":"Point","coordinates":[46.0281,51.5819]}},{"type":"Feature","properties":{"name":"Ulyanovsk","country":"Russia","admin1":"Ul'yanovsk","iso":"RU","pop":640680,"rank":4,"minzoom":5.6,"capital":0},"geometry":{"type":"Point","coordinates":[48.41,54.33]}},{"type":"Feature","properties":{"name":"Omsk","country":"Russia","admin1":"Omsk","iso":"RU","pop":1135000,"rank":4,"minzoom":3.7,"capital":0},"geometry":{"type":"Point","coordinates":[73.398,54.9919]}},{"type":"Feature","properties":{"name":"Tyumen","country":"Russia","admin1":"Tyumen'","iso":"RU","pop":519119,"rank":4,"minzoom":5.6,"capital":0},"geometry":{"type":"Point","coordinates":[65.53,57.14]}},{"type":"Feature","properties":{"name":"Novokuznetsk","country":"Russia","admin1":"Kemerovo","iso":"RU","pop":539616,"rank":4,"minzoom":5.1,"capital":0},"geometry":{"type":"Point","coordinates":[87.115,53.75]}},{"type":"Feature","properties":{"name":"Kemerovo","country":"Russia","admin1":"Kemerovo","iso":"RU","pop":477090,"rank":4,"minzoom":5.1,"capital":0},"geometry":{"type":"Point","coordinates":[86.09,55.34]}},{"type":"Feature","properties":{"name":"Grozny","country":"Russia","admin1":"Chechnya","iso":"RU","pop":226100,"rank":4,"minzoom":5,"capital":0},"geometry":{"type":"Point","coordinates":[45.6987,43.3187]}},{"type":"Feature","properties":{"name":"Kandy","country":"Sri Lanka","admin1":"Kandy","iso":"LK","pop":111701,"rank":4,"minzoom":5.6,"capital":0},"geometry":{"type":"Point","coordinates":[80.67,7.28]}},{"type":"Feature","properties":{"name":"Sri Jayawardenepura Kotte","country":"Sri Lanka","admin1":"Colombo","iso":"LK","pop":115826,"rank":4,"minzoom":5.6,"capital":0},"geometry":{"type":"Point","coordinates":[79.95,6.9]}},{"type":"Feature","properties":{"name":"Daejeon","country":"South Korea","admin1":"Daejeon","iso":"KR","pop":1468000,"rank":4,"minzoom":5.1,"capital":0},"geometry":{"type":"Point","coordinates":[127.4231,36.3375]}},{"type":"Feature","properties":{"name":"Gwangju","country":"South Korea","admin1":"Kwangju-gwangyoksi","iso":"KR","pop":1440000,"rank":4,"minzoom":5.6,"capital":0},"geometry":{"type":"Point","coordinates":[126.9085,35.1729]}},{"type":"Feature","properties":{"name":"Busan","country":"South Korea","admin1":"Busan","iso":"KR","pop":3480000,"rank":4,"minzoom":5.6,"capital":0},"geometry":{"type":"Point","coordinates":[129.0081,35.097]}},{"type":"Feature","properties":{"name":"Zamboanga","country":"Philippines","admin1":"Zamboanga del Sur","iso":"PH","pop":773000,"rank":4,"minzoom":5.6,"capital":0},"geometry":{"type":"Point","coordinates":[122.0781,6.9219]}},{"type":"Feature","properties":{"name":"Laoag","country":"Philippines","admin1":"Ilocos Norte","iso":"PH","pop":207048,"rank":4,"minzoom":5.6,"capital":0},"geometry":{"type":"Point","coordinates":[120.5936,18.1988]}},{"type":"Feature","properties":{"name":"Baguio","country":"Philippines","admin1":"Benguet","iso":"PH","pop":447824,"rank":4,"minzoom":5.6,"capital":0},"geometry":{"type":"Point","coordinates":[120.5699,16.43]}},{"type":"Feature","properties":{"name":"General Santos","country":"Philippines","admin1":"South Cotabato","iso":"PH","pop":950530,"rank":4,"minzoom":5.6,"capital":0},"geometry":{"type":"Point","coordinates":[125.1747,6.1108]}},{"type":"Feature","properties":{"name":"Ust-Ilimsk","country":"Russia","admin1":"Irkutsk","iso":"RU","pop":100271,"rank":4,"minzoom":5.6,"capital":0},"geometry":{"type":"Point","coordinates":[102.6333,57.99]}},{"type":"Feature","properties":{"name":"Angarsk","country":"Russia","admin1":"Irkutsk","iso":"RU","pop":243158,"rank":4,"minzoom":5.6,"capital":0},"geometry":{"type":"Point","coordinates":[103.92,52.56]}},{"type":"Feature","properties":{"name":"Abakan","country":"Russia","admin1":"Krasnoyarsk","iso":"RU","pop":167289,"rank":4,"minzoom":5.6,"capital":0},"geometry":{"type":"Point","coordinates":[91.445,53.7037]}},{"type":"Feature","properties":{"name":"Norilsk","country":"Russia","admin1":"Taymyr","iso":"RU","pop":165873,"rank":4,"minzoom":5.6,"capital":0},"geometry":{"type":"Point","coordinates":[88.225,69.34]}},{"type":"Feature","properties":{"name":"Khatanga","country":"Russia","admin1":"Taymyr","iso":"RU","pop":3205,"rank":4,"minzoom":5.6,"capital":0},"geometry":{"type":"Point","coordinates":[102.465,72.0411]}},{"type":"Feature","properties":{"name":"Kyzyl","country":"Russia","admin1":"Tuva","iso":"RU","pop":108240,"rank":4,"minzoom":5.6,"capital":0},"geometry":{"type":"Point","coordinates":[94.3831,51.7067]}},{"type":"Feature","properties":{"name":"Ulan-Ude","country":"Russia","admin1":"Buryat","iso":"RU","pop":360278,"rank":4,"minzoom":5.6,"capital":0},"geometry":{"type":"Point","coordinates":[107.625,51.825]}},{"type":"Feature","properties":{"name":"Blagoveshchensk","country":"Russia","admin1":"Amur","iso":"RU","pop":221296,"rank":4,"minzoom":5.6,"capital":0},"geometry":{"type":"Point","coordinates":[127.5333,50.2666]}},{"type":"Feature","properties":{"name":"Bukachacha","country":"Russia","admin1":"Chita","iso":"RU","pop":3372,"rank":4,"minzoom":5.6,"capital":0},"geometry":{"type":"Point","coordinates":[116.9166,52.9833]}},{"type":"Feature","properties":{"name":"Dalnegorsk","country":"Russia","admin1":"Primor'ye","iso":"RU","pop":8123,"rank":4,"minzoom":5.6,"capital":0},"geometry":{"type":"Point","coordinates":[135.5172,44.5372]}},{"type":"Feature","properties":{"name":"Ambarchik","country":"Russia","admin1":"Sakha (Yakutia)","iso":"RU","pop":0,"rank":4,"minzoom":5.6,"capital":0},"geometry":{"type":"Point","coordinates":[162.3336,69.651]}},{"type":"Feature","properties":{"name":"Batagay","country":"Russia","admin1":"Sakha (Yakutia)","iso":"RU","pop":4266,"rank":4,"minzoom":5.6,"capital":0},"geometry":{"type":"Point","coordinates":[134.635,67.656]}},{"type":"Feature","properties":{"name":"Chokurdakh","country":"Russia","admin1":"Sakha (Yakutia)","iso":"RU","pop":2506,"rank":4,"minzoom":5.6,"capital":0},"geometry":{"type":"Point","coordinates":[147.8946,70.6183]}},{"type":"Feature","properties":{"name":"Ust-Nera","country":"Russia","admin1":"Sakha (Yakutia)","iso":"RU","pop":9148,"rank":4,"minzoom":5.6,"capital":0},"geometry":{"type":"Point","coordinates":[143.2,64.5666]}},{"type":"Feature","properties":{"name":"Lensk","country":"Russia","admin1":"Sakha (Yakutia)","iso":"RU","pop":25589,"rank":4,"minzoom":5.6,"capital":0},"geometry":{"type":"Point","coordinates":[114.947,60.7253]}},{"type":"Feature","properties":{"name":"Aldan","country":"Russia","admin1":"Sakha (Yakutia)","iso":"RU","pop":24426,"rank":4,"minzoom":5.6,"capital":0},"geometry":{"type":"Point","coordinates":[125.3894,58.603]}},{"type":"Feature","properties":{"name":"Mirny","country":"Russia","admin1":"Sakha (Yakutia)","iso":"RU","pop":40308,"rank":4,"minzoom":5.1,"capital":0},"geometry":{"type":"Point","coordinates":[113.9614,62.54]}},{"type":"Feature","properties":{"name":"Zhigansk","country":"Russia","admin1":"Sakha (Yakutia)","iso":"RU","pop":3237,"rank":4,"minzoom":5.1,"capital":0},"geometry":{"type":"Point","coordinates":[123.3711,66.7697]}},{"type":"Feature","properties":{"name":"Okhotsk","country":"Russia","admin1":"Khabarovsk","iso":"RU","pop":5570,"rank":4,"minzoom":5.1,"capital":0},"geometry":{"type":"Point","coordinates":[143.217,59.383]}},{"type":"Feature","properties":{"name":"Khabarovsk","country":"Russia","admin1":"Khabarovsk","iso":"RU","pop":579000,"rank":4,"minzoom":5.6,"capital":0},"geometry":{"type":"Point","coordinates":[135.12,48.455]}},{"type":"Feature","properties":{"name":"Okha","country":"Russia","admin1":"Sakhalin","iso":"RU","pop":26560,"rank":4,"minzoom":5.6,"capital":0},"geometry":{"type":"Point","coordinates":[142.9479,53.5739]}},{"type":"Feature","properties":{"name":"Yuzhno Sakhalinsk","country":"Russia","admin1":"Sakhalin","iso":"RU","pop":176484,"rank":4,"minzoom":5.1,"capital":0},"geometry":{"type":"Point","coordinates":[142.74,46.965]}},{"type":"Feature","properties":{"name":"Mexicali","country":"Mexico","admin1":"Baja California","iso":"MX","pop":885000,"rank":4,"minzoom":5.6,"capital":0},"geometry":{"type":"Point","coordinates":[-115.482,32.6519]}},{"type":"Feature","properties":{"name":"La Paz","country":"Mexico","admin1":"Baja California Sur","iso":"MX","pop":189767,"rank":4,"minzoom":5.6,"capital":0},"geometry":{"type":"Point","coordinates":[-110.32,24.14]}},{"type":"Feature","properties":{"name":"Torreón","country":"Mexico","admin1":"Coahuila","iso":"MX","pop":1144000,"rank":4,"minzoom":5.6,"capital":0},"geometry":{"type":"Point","coordinates":[-103.4219,25.572]}},{"type":"Feature","properties":{"name":"Culiacán","country":"Mexico","admin1":"Sinaloa","iso":"MX","pop":809000,"rank":4,"minzoom":5.6,"capital":0},"geometry":{"type":"Point","coordinates":[-107.3819,24.8319]}},{"type":"Feature","properties":{"name":"Nogales","country":"Mexico","admin1":"Sonora","iso":"MX","pop":178097,"rank":4,"minzoom":5.6,"capital":0},"geometry":{"type":"Point","coordinates":[-110.945,31.305]}},{"type":"Feature","properties":{"name":"Hermosillo","country":"Mexico","admin1":"Sonora","iso":"MX","pop":595811,"rank":4,"minzoom":5.6,"capital":0},"geometry":{"type":"Point","coordinates":[-110.9541,29.0989]}},{"type":"Feature","properties":{"name":"Guaymas","country":"Mexico","admin1":"Sonora","iso":"MX","pop":103449,"rank":4,"minzoom":5.6,"capital":0},"geometry":{"type":"Point","coordinates":[-110.89,27.93]}},{"type":"Feature","properties":{"name":"San Luis Potosí","country":"Mexico","admin1":"San Luis Potosí","iso":"MX","pop":992000,"rank":4,"minzoom":5.6,"capital":0},"geometry":{"type":"Point","coordinates":[-101.0019,22.1719]}},{"type":"Feature","properties":{"name":"Matamoros","country":"Mexico","admin1":"Tamaulipas","iso":"MX","pop":538785,"rank":4,"minzoom":5.6,"capital":0},"geometry":{"type":"Point","coordinates":[-97.5,25.88]}},{"type":"Feature","properties":{"name":"Nuevo Laredo","country":"Mexico","admin1":"Tamaulipas","iso":"MX","pop":349550,"rank":4,"minzoom":5.6,"capital":0},"geometry":{"type":"Point","coordinates":[-99.55,27.5]}},{"type":"Feature","properties":{"name":"Colima","country":"Mexico","admin1":"Colima","iso":"MX","pop":223287,"rank":4,"minzoom":5.6,"capital":0},"geometry":{"type":"Point","coordinates":[-103.72,19.23]}},{"type":"Feature","properties":{"name":"Campeche","country":"Mexico","admin1":"Campeche","iso":"MX","pop":205212,"rank":4,"minzoom":5.6,"capital":0},"geometry":{"type":"Point","coordinates":[-90.5,19.83]}},{"type":"Feature","properties":{"name":"Oaxaca","country":"Mexico","admin1":"Oaxaca","iso":"MX","pop":530728,"rank":4,"minzoom":5.1,"capital":0},"geometry":{"type":"Point","coordinates":[-96.67,17.0827]}},{"type":"Feature","properties":{"name":"León","country":"Mexico","admin1":"Guanajuato","iso":"MX","pop":1488000,"rank":4,"minzoom":5.6,"capital":0},"geometry":{"type":"Point","coordinates":[-101.702,21.1519]}},{"type":"Feature","properties":{"name":"Maiduguri","country":"Nigeria","admin1":"Borno","iso":"NG","pop":896000,"rank":4,"minzoom":5.6,"capital":0},"geometry":{"type":"Point","coordinates":[13.1581,11.8519]}},{"type":"Feature","properties":{"name":"Port Harcourt","country":"Nigeria","admin1":"Rivers","iso":"NG","pop":1020000,"rank":4,"minzoom":5.6,"capital":0},"geometry":{"type":"Point","coordinates":[7.0081,4.8119]}},{"type":"Feature","properties":{"name":"Makurdi","country":"Nigeria","admin1":"Benue","iso":"NG","pop":292645,"rank":4,"minzoom":5.6,"capital":0},"geometry":{"type":"Point","coordinates":[8.53,7.73]}},{"type":"Feature","properties":{"name":"Ibadan","country":"Nigeria","admin1":"Oyo","iso":"NG","pop":2628000,"rank":4,"minzoom":5.1,"capital":0},"geometry":{"type":"Point","coordinates":[3.928,7.382]}},{"type":"Feature","properties":{"name":"Ogbomosho","country":"Nigeria","admin1":"Oyo","iso":"NG","pop":951000,"rank":4,"minzoom":5.6,"capital":0},"geometry":{"type":"Point","coordinates":[4.238,8.132]}},{"type":"Feature","properties":{"name":"Warri","country":"Nigeria","admin1":"Delta","iso":"NG","pop":830106,"rank":4,"minzoom":5.6,"capital":0},"geometry":{"type":"Point","coordinates":[5.76,5.52]}},{"type":"Feature","properties":{"name":"Kaduna","country":"Nigeria","admin1":"Kaduna","iso":"NG","pop":1442000,"rank":4,"minzoom":5.6,"capital":0},"geometry":{"type":"Point","coordinates":[7.4381,10.522]}},{"type":"Feature","properties":{"name":"Gdańsk","country":"Poland","admin1":"Pomeranian","iso":"PL","pop":740000,"rank":4,"minzoom":5,"capital":0},"geometry":{"type":"Point","coordinates":[18.64,54.36]}},{"type":"Feature","properties":{"name":"Kraków","country":"Poland","admin1":"Lesser Poland","iso":"PL","pop":756000,"rank":4,"minzoom":5.1,"capital":0},"geometry":{"type":"Point","coordinates":[19.9581,50.0619]}},{"type":"Feature","properties":{"name":"Dalandzadgad","country":"Mongolia","admin1":"Ömnögovi","iso":"MN","pop":15093,"rank":4,"minzoom":5.6,"capital":0},"geometry":{"type":"Point","coordinates":[104.4403,43.5836]}},{"type":"Feature","properties":{"name":"Wonsan","country":"North Korea","admin1":"Kangwon-do","iso":"KP","pop":329207,"rank":4,"minzoom":5.6,"capital":0},"geometry":{"type":"Point","coordinates":[127.4308,39.1605]}},{"type":"Feature","properties":{"name":"Sinuiju","country":"North Korea","admin1":"P'yongan-bukto","iso":"KP","pop":288112,"rank":4,"minzoom":5.6,"capital":0},"geometry":{"type":"Point","coordinates":[124.4213,40.0859]}},{"type":"Feature","properties":{"name":"Dund-Us","country":"Mongolia","admin1":"Hovd","iso":"MN","pop":30500,"rank":4,"minzoom":5.6,"capital":0},"geometry":{"type":"Point","coordinates":[91.6333,48.0166]}},{"type":"Feature","properties":{"name":"Choibalsan","country":"Mongolia","admin1":"Dornod","iso":"MN","pop":33376,"rank":4,"minzoom":5.6,"capital":0},"geometry":{"type":"Point","coordinates":[114.506,48.0666]}},{"type":"Feature","properties":{"name":"Lüderitz","country":"Namibia","admin1":"Karas","iso":"NA","pop":15137,"rank":4,"minzoom":5.6,"capital":0},"geometry":{"type":"Point","coordinates":[15.1594,-26.648]}},{"type":"Feature","properties":{"name":"Walvis Bay","country":"Namibia","admin1":"Erongo","iso":"NA","pop":52058,"rank":4,"minzoom":5.6,"capital":0},"geometry":{"type":"Point","coordinates":[14.5053,-22.9575]}},{"type":"Feature","properties":{"name":"Mwanza","country":"Tanzania","admin1":"Mwanza","iso":"TZ","pop":493944,"rank":4,"minzoom":5.6,"capital":0},"geometry":{"type":"Point","coordinates":[32.93,-2.52]}},{"type":"Feature","properties":{"name":"Morogoro","country":"Tanzania","admin1":"Morogoro","iso":"TZ","pop":250902,"rank":4,"minzoom":5.6,"capital":0},"geometry":{"type":"Point","coordinates":[37.66,-6.82]}},{"type":"Feature","properties":{"name":"Dodoma","country":"Tanzania","admin1":"Dodoma","iso":"TZ","pop":218269,"rank":4,"minzoom":5.6,"capital":0},"geometry":{"type":"Point","coordinates":[35.75,-6.1833]}},{"type":"Feature","properties":{"name":"Arusha","country":"Tanzania","admin1":"Arusha","iso":"TZ","pop":341136,"rank":4,"minzoom":5.6,"capital":0},"geometry":{"type":"Point","coordinates":[36.67,-3.36]}},{"type":"Feature","properties":{"name":"Bern","country":"Switzerland","admin1":"Bern","iso":"CH","pop":275329,"rank":4,"minzoom":5.6,"capital":1},"geometry":{"type":"Point","coordinates":[7.467,46.9167]}},{"type":"Feature","properties":{"name":"Malmö","country":"Sweden","admin1":"Skåne","iso":"SE","pop":269349,"rank":4,"minzoom":5.1,"capital":0},"geometry":{"type":"Point","coordinates":[13.0231,55.5994]}},{"type":"Feature","properties":{"name":"Laayoune","country":"Morocco","admin1":"Laâyoune - Boujdour - Sakia El Hamra","iso":"MA","pop":188084,"rank":4,"minzoom":5.6,"capital":0},"geometry":{"type":"Point","coordinates":[-13.2,27.15]}},{"type":"Feature","properties":{"name":"Ternate","country":"Indonesia","admin1":"Maluku Utara","iso":"ID","pop":187521,"rank":4,"minzoom":5.6,"capital":0},"geometry":{"type":"Point","coordinates":[127.363,0.793]}},{"type":"Feature","properties":{"name":"Ambon","country":"Indonesia","admin1":"Maluku","iso":"ID","pop":355596,"rank":4,"minzoom":5.6,"capital":0},"geometry":{"type":"Point","coordinates":[128.2,-3.7167]}},{"type":"Feature","properties":{"name":"Raba","country":"Indonesia","admin1":"Nusa Tenggara Barat","iso":"ID","pop":106101,"rank":4,"minzoom":5.6,"capital":0},"geometry":{"type":"Point","coordinates":[118.7666,-8.45]}},{"type":"Feature","properties":{"name":"Jayapura","country":"Indonesia","admin1":"Papua","iso":"ID","pop":169341,"rank":4,"minzoom":5.6,"capital":0},"geometry":{"type":"Point","coordinates":[140.7,-2.533]}},{"type":"Feature","properties":{"name":"Florence","country":"Italy","admin1":"Toscana","iso":"IT","pop":1500000,"rank":4,"minzoom":5.6,"capital":0},"geometry":{"type":"Point","coordinates":[11.25,43.78]}},{"type":"Feature","properties":{"name":"Catania","country":"Italy","admin1":"Sicily","iso":"IT","pop":674542,"rank":4,"minzoom":5.6,"capital":0},"geometry":{"type":"Point","coordinates":[15.08,37.5]}},{"type":"Feature","properties":{"name":"Pristina","country":"Kosovo","admin1":"Pristina","iso":"-99","pop":465186,"rank":4,"minzoom":5.6,"capital":1},"geometry":{"type":"Point","coordinates":[21.166,42.6667]}},{"type":"Feature","properties":{"name":"Meru","country":"Kenya","admin1":"Eastern","iso":"KE","pop":47226,"rank":4,"minzoom":5.6,"capital":0},"geometry":{"type":"Point","coordinates":[37.64,0.06]}},{"type":"Feature","properties":{"name":"Eldoret","country":"Kenya","admin1":"Rift Valley","iso":"KE","pop":353381,"rank":4,"minzoom":5.6,"capital":0},"geometry":{"type":"Point","coordinates":[35.27,0.52]}},{"type":"Feature","properties":{"name":"Banda Aceh","country":"Indonesia","admin1":"Aceh","iso":"ID","pop":513698,"rank":4,"minzoom":5.6,"capital":0},"geometry":{"type":"Point","coordinates":[95.32,5.55]}},{"type":"Feature","properties":{"name":"George Town","country":"Malaysia","admin1":"Pulau Pinang","iso":"MY","pop":2500000,"rank":4,"minzoom":5.1,"capital":0},"geometry":{"type":"Point","coordinates":[100.3294,5.4136]}},{"type":"Feature","properties":{"name":"Zhangye","country":"China","admin1":"Gansu","iso":"CN","pop":230728,"rank":4,"minzoom":5.6,"capital":0},"geometry":{"type":"Point","coordinates":[100.45,38.93]}},{"type":"Feature","properties":{"name":"Wuwei","country":"China","admin1":"Gansu","iso":"CN","pop":493092,"rank":4,"minzoom":5.6,"capital":0},"geometry":{"type":"Point","coordinates":[102.641,37.928]}},{"type":"Feature","properties":{"name":"Dunhuang","country":"China","admin1":"Gansu","iso":"CN","pop":140094,"rank":4,"minzoom":5,"capital":0},"geometry":{"type":"Point","coordinates":[94.662,40.1427]}},{"type":"Feature","properties":{"name":"Tianshui","country":"China","admin1":"Gansu","iso":"CN","pop":1225000,"rank":4,"minzoom":5.6,"capital":0},"geometry":{"type":"Point","coordinates":[105.918,34.602]}},{"type":"Feature","properties":{"name":"Dulan","country":"China","admin1":"Gansu","iso":"CN","pop":100,"rank":4,"minzoom":5.6,"capital":0},"geometry":{"type":"Point","coordinates":[98.2666,36.1666]}},{"type":"Feature","properties":{"name":"Golmud","country":"China","admin1":"Gansu","iso":"CN","pop":107092,"rank":4,"minzoom":5,"capital":0},"geometry":{"type":"Point","coordinates":[94.8833,36.4166]}},{"type":"Feature","properties":{"name":"Yulin","country":"China","admin1":"Guangxi","iso":"CN","pop":1127000,"rank":4,"minzoom":5.6,"capital":0},"geometry":{"type":"Point","coordinates":[110.1481,22.6319]}},{"type":"Feature","properties":{"name":"Bose","country":"China","admin1":"Guangxi","iso":"CN","pop":175282,"rank":4,"minzoom":5.6,"capital":0},"geometry":{"type":"Point","coordinates":[106.6133,23.8997]}},{"type":"Feature","properties":{"name":"Wuzhou","country":"China","admin1":"Guangxi","iso":"CN","pop":442315,"rank":4,"minzoom":5.6,"capital":0},"geometry":{"type":"Point","coordinates":[111.32,23.48]}},{"type":"Feature","properties":{"name":"Liupanshui","country":"China","admin1":"Guizhou","iso":"CN","pop":1221000,"rank":4,"minzoom":5.6,"capital":0},"geometry":{"type":"Point","coordinates":[104.8314,26.5964]}},{"type":"Feature","properties":{"name":"Quanzhou","country":"China","admin1":"Fujian","iso":"CN","pop":1463000,"rank":4,"minzoom":5.6,"capital":0},"geometry":{"type":"Point","coordinates":[118.578,24.902]}},{"type":"Feature","properties":{"name":"Hefei","country":"China","admin1":"Anhui","iso":"CN","pop":2035000,"rank":4,"minzoom":5.6,"capital":0},"geometry":{"type":"Point","coordinates":[117.2781,31.852]}},{"type":"Feature","properties":{"name":"Suzhou","country":"China","admin1":"Anhui","iso":"CN","pop":1964000,"rank":4,"minzoom":5.6,"capital":0},"geometry":{"type":"Point","coordinates":[116.9769,33.6381]}},{"type":"Feature","properties":{"name":"Zhanjiang","country":"China","admin1":"Guangdong","iso":"CN","pop":1590000,"rank":4,"minzoom":5.6,"capital":0},"geometry":{"type":"Point","coordinates":[110.3781,21.2019]}},{"type":"Feature","properties":{"name":"Shaoguan","country":"China","admin1":"Guangdong","iso":"CN","pop":720266,"rank":4,"minzoom":5.1,"capital":0},"geometry":{"type":"Point","coordinates":[113.58,24.8]}},{"type":"Feature","properties":{"name":"Balikpapan","country":"Indonesia","admin1":"Kalimantan Timur","iso":"ID","pop":445905,"rank":4,"minzoom":5.6,"capital":0},"geometry":{"type":"Point","coordinates":[116.83,-1.25]}},{"type":"Feature","properties":{"name":"Kuching","country":"Malaysia","admin1":"Sarawak","iso":"MY","pop":570407,"rank":4,"minzoom":5.6,"capital":0},"geometry":{"type":"Point","coordinates":[110.33,1.53]}},{"type":"Feature","properties":{"name":"Antsiranana","country":"Madagascar","admin1":"Antsiranana","iso":"MG","pop":82937,"rank":4,"minzoom":5.6,"capital":0},"geometry":{"type":"Point","coordinates":[49.3115,-12.2765]}},{"type":"Feature","properties":{"name":"Fianarantsoa","country":"Madagascar","admin1":"Fianarantsoa","iso":"MG","pop":184184,"rank":4,"minzoom":5.6,"capital":0},"geometry":{"type":"Point","coordinates":[47.0833,-21.4333]}},{"type":"Feature","properties":{"name":"Mahajanga","country":"Madagascar","admin1":"Mahajanga","iso":"MG","pop":154657,"rank":4,"minzoom":5.6,"capital":0},"geometry":{"type":"Point","coordinates":[46.345,-15.67]}},{"type":"Feature","properties":{"name":"Toliara","country":"Madagascar","admin1":"Toliary","iso":"MG","pop":115319,"rank":4,"minzoom":5.1,"capital":0},"geometry":{"type":"Point","coordinates":[43.69,-23.3568]}},{"type":"Feature","properties":{"name":"Surakarta","country":"Indonesia","admin1":"Jawa Tengah","iso":"ID","pop":555308,"rank":4,"minzoom":5.6,"capital":0},"geometry":{"type":"Point","coordinates":[110.825,-7.565]}},{"type":"Feature","properties":{"name":"Bandar Lampung","country":"Indonesia","admin1":"Lampung","iso":"ID","pop":865000,"rank":4,"minzoom":5.6,"capital":0},"geometry":{"type":"Point","coordinates":[105.2681,-5.4281]}},{"type":"Feature","properties":{"name":"Tanjung Pandan","country":"Indonesia","admin1":"Bangka-Belitung","iso":"ID","pop":62374,"rank":4,"minzoom":5.6,"capital":0},"geometry":{"type":"Point","coordinates":[107.65,-2.75]}},{"type":"Feature","properties":{"name":"Malang","country":"Indonesia","admin1":"Jawa Timur","iso":"ID","pop":805000,"rank":4,"minzoom":5.6,"capital":0},"geometry":{"type":"Point","coordinates":[112.6081,-7.978]}},{"type":"Feature","properties":{"name":"Kupang","country":"Indonesia","admin1":"Nusa Tenggara Timur","iso":"ID","pop":282396,"rank":4,"minzoom":5.6,"capital":0},"geometry":{"type":"Point","coordinates":[123.583,-10.1787]}},{"type":"Feature","properties":{"name":"Parepare","country":"Indonesia","admin1":"Sulawesi Selatan","iso":"ID","pop":87776,"rank":4,"minzoom":5.6,"capital":0},"geometry":{"type":"Point","coordinates":[119.6333,-4.0167]}},{"type":"Feature","properties":{"name":"Cuenca","country":"Ecuador","admin1":"Azuay","iso":"EC","pop":286878,"rank":4,"minzoom":5.6,"capital":0},"geometry":{"type":"Point","coordinates":[-79.0,-2.9]}},{"type":"Feature","properties":{"name":"Santa Cruz","country":"Ecuador","admin1":"Gal","iso":"EC","pop":11262,"rank":4,"minzoom":5.6,"capital":0},"geometry":{"type":"Point","coordinates":[-90.35,-0.5333]}},{"type":"Feature","properties":{"name":"Limón","country":"Costa Rica","admin1":"Limón","iso":"CR","pop":85001,"rank":4,"minzoom":5.6,"capital":0},"geometry":{"type":"Point","coordinates":[-83.0333,10.0]}},{"type":"Feature","properties":{"name":"Santiago de Cuba","country":"Cuba","admin1":"Santiago de Cuba","iso":"CU","pop":555865,"rank":4,"minzoom":5.1,"capital":0},"geometry":{"type":"Point","coordinates":[-75.8213,20.025]}},{"type":"Feature","properties":{"name":"Santiago","country":"Dominican Republic","admin1":"Santiago","iso":"DO","pop":1550753,"rank":4,"minzoom":5.6,"capital":0},"geometry":{"type":"Point","coordinates":[-70.67,19.5]}},{"type":"Feature","properties":{"name":"Manizales","country":"Colombia","admin1":"Caldas","iso":"CO","pop":375848,"rank":4,"minzoom":5.6,"capital":0},"geometry":{"type":"Point","coordinates":[-75.52,5.06]}},{"type":"Feature","properties":{"name":"Pasto","country":"Colombia","admin1":"Nariño","iso":"CO","pop":382236,"rank":4,"minzoom":5.6,"capital":0},"geometry":{"type":"Point","coordinates":[-77.2811,1.2136]}},{"type":"Feature","properties":{"name":"Barranquilla","country":"Colombia","admin1":"Atlántico","iso":"CO","pop":1798000,"rank":4,"minzoom":5.6,"capital":0},"geometry":{"type":"Point","coordinates":[-74.8019,10.9619]}},{"type":"Feature","properties":{"name":"Roseau","country":"Dominica","admin1":"Saint George","iso":"DM","pop":23336,"rank":4,"minzoom":5.1,"capital":1},"geometry":{"type":"Point","coordinates":[-61.387,15.301]}},{"type":"Feature","properties":{"name":"Mbandaka","country":"Congo (Kinshasa)","admin1":"Équateur","iso":"CD","pop":274996,"rank":4,"minzoom":5.6,"capital":0},"geometry":{"type":"Point","coordinates":[18.26,0.04]}},{"type":"Feature","properties":{"name":"Moundou","country":"Chad","admin1":"Logone Oriental","iso":"TD","pop":156705,"rank":4,"minzoom":5.6,"capital":0},"geometry":{"type":"Point","coordinates":[16.09,8.55]}},{"type":"Feature","properties":{"name":"Suez","country":"Egypt","admin1":"As Suways","iso":"EG","pop":508335,"rank":4,"minzoom":5.6,"capital":0},"geometry":{"type":"Point","coordinates":[32.5499,30.005]}},{"type":"Feature","properties":{"name":"Bur Said","country":"Egypt","admin1":"Bur Sa`id","iso":"EG","pop":623864,"rank":4,"minzoom":5.6,"capital":0},"geometry":{"type":"Point","coordinates":[32.29,31.26]}},{"type":"Feature","properties":{"name":"El Faiyum","country":"Egypt","admin1":"Al Fayyum","iso":"EG","pop":316772,"rank":4,"minzoom":5.6,"capital":0},"geometry":{"type":"Point","coordinates":[30.84,29.31]}},{"type":"Feature","properties":{"name":"Aswan","country":"Egypt","admin1":"Aswan","iso":"EG","pop":313442,"rank":4,"minzoom":5.6,"capital":0},"geometry":{"type":"Point","coordinates":[32.8989,24.0875]}},{"type":"Feature","properties":{"name":"Asyut","country":"Egypt","admin1":"Asyut","iso":"EG","pop":420585,"rank":4,"minzoom":5.6,"capital":0},"geometry":{"type":"Point","coordinates":[31.1799,27.19]}},{"type":"Feature","properties":{"name":"Kisangani","country":"Congo (Kinshasa)","admin1":"Orientale","iso":"CD","pop":578470,"rank":4,"minzoom":5.6,"capital":0},"geometry":{"type":"Point","coordinates":[25.22,0.52]}},{"type":"Feature","properties":{"name":"Assab","country":"Eritrea","admin1":"Debubawi Keyih Bahri","iso":"ER","pop":105496,"rank":4,"minzoom":5.6,"capital":0},"geometry":{"type":"Point","coordinates":[42.73,13.01]}},{"type":"Feature","properties":{"name":"Djibouti","country":"Djibouti","admin1":"Djibouti","iso":"DJ","pop":923000,"rank":4,"minzoom":5.6,"capital":1},"geometry":{"type":"Point","coordinates":[43.148,11.595]}},{"type":"Feature","properties":{"name":"Dresden","country":"Germany","admin1":"Sachsen","iso":"DE","pop":617515,"rank":4,"minzoom":5,"capital":0},"geometry":{"type":"Point","coordinates":[13.75,51.05]}},{"type":"Feature","properties":{"name":"Xigaze","country":"China","admin1":"Xizang","iso":"CN","pop":80000,"rank":4,"minzoom":5,"capital":0},"geometry":{"type":"Point","coordinates":[88.8833,29.25]}},{"type":"Feature","properties":{"name":"Shache","country":"China","admin1":"Xinjiang Uygur","iso":"CN","pop":851374,"rank":4,"minzoom":5.6,"capital":0},"geometry":{"type":"Point","coordinates":[77.25,38.4261]}},{"type":"Feature","properties":{"name":"Yining","country":"China","admin1":"Xinjiang Uygur","iso":"CN","pop":542507,"rank":4,"minzoom":5.1,"capital":0},"geometry":{"type":"Point","coordinates":[81.35,43.9]}},{"type":"Feature","properties":{"name":"Altay","country":"China","admin1":"Xinjiang Uygur","iso":"CN","pop":142000,"rank":4,"minzoom":5.6,"capital":0},"geometry":{"type":"Point","coordinates":[88.1166,47.8666]}},{"type":"Feature","properties":{"name":"Putrajaya","country":"Malaysia","admin1":"Selangor","iso":"MY","pop":67964,"rank":4,"minzoom":5.6,"capital":0},"geometry":{"type":"Point","coordinates":[101.695,2.9325]}},{"type":"Feature","properties":{"name":"Shizuishan","country":"China","admin1":"Ningxia Hui","iso":"CN","pop":136570,"rank":4,"minzoom":5.6,"capital":0},"geometry":{"type":"Point","coordinates":[106.769,39.2333]}},{"type":"Feature","properties":{"name":"Yulin","country":"China","admin1":"Shaanxi","iso":"CN","pop":155960,"rank":4,"minzoom":5.6,"capital":0},"geometry":{"type":"Point","coordinates":[109.7333,38.2833]}},{"type":"Feature","properties":{"name":"Ankang","country":"China","admin1":"Shaanxi","iso":"CN","pop":1100000,"rank":4,"minzoom":5.6,"capital":0},"geometry":{"type":"Point","coordinates":[109.02,32.68]}},{"type":"Feature","properties":{"name":"Houma","country":"China","admin1":"Shanxi","iso":"CN","pop":102400,"rank":4,"minzoom":5.1,"capital":0},"geometry":{"type":"Point","coordinates":[111.21,35.62]}},{"type":"Feature","properties":{"name":"Yueyang","country":"China","admin1":"Hunan","iso":"CN","pop":826000,"rank":4,"minzoom":5.6,"capital":0},"geometry":{"type":"Point","coordinates":[113.0981,29.382]}},{"type":"Feature","properties":{"name":"Hengyang","country":"China","admin1":"Hunan","iso":"CN","pop":1016000,"rank":4,"minzoom":5.6,"capital":0},"geometry":{"type":"Point","coordinates":[112.5881,26.882]}},{"type":"Feature","properties":{"name":"Mianyang","country":"China","admin1":"Sichuan","iso":"CN","pop":1396000,"rank":4,"minzoom":5.6,"capital":0},"geometry":{"type":"Point","coordinates":[104.69,31.4648]}},{"type":"Feature","properties":{"name":"Xichang","country":"China","admin1":"Sichuan","iso":"CN","pop":379993,"rank":4,"minzoom":5,"capital":0},"geometry":{"type":"Point","coordinates":[102.3,27.88]}},{"type":"Feature","properties":{"name":"Baoshan","country":"China","admin1":"Yunnan","iso":"CN","pop":1000000,"rank":4,"minzoom":5.6,"capital":0},"geometry":{"type":"Point","coordinates":[99.15,25.12]}},{"type":"Feature","properties":{"name":"Gejiu","country":"China","admin1":"Yunnan","iso":"CN","pop":149105,"rank":4,"minzoom":5.1,"capital":0},"geometry":{"type":"Point","coordinates":[103.1501,23.38]}},{"type":"Feature","properties":{"name":"Shijiazhuang","country":"China","admin1":"Hebei","iso":"CN","pop":2417000,"rank":4,"minzoom":5.6,"capital":0},"geometry":{"type":"Point","coordinates":[114.478,38.052]}},{"type":"Feature","properties":{"name":"Handan","country":"China","admin1":"Hebei","iso":"CN","pop":1631000,"rank":4,"minzoom":5.1,"capital":0},"geometry":{"type":"Point","coordinates":[114.478,36.5819]}},{"type":"Feature","properties":{"name":"Anshan","country":"China","admin1":"Liaoning","iso":"CN","pop":1639000,"rank":4,"minzoom":5.6,"capital":0},"geometry":{"type":"Point","coordinates":[122.9381,41.117]}},{"type":"Feature","properties":{"name":"Dalian","country":"China","admin1":"Liaoning","iso":"CN","pop":3167000,"rank":4,"minzoom":5.1,"capital":0},"geometry":{"type":"Point","coordinates":[121.6279,38.9248]}},{"type":"Feature","properties":{"name":"Qingdao","country":"China","admin1":"Shandong","iso":"CN","pop":2866000,"rank":4,"minzoom":5,"capital":0},"geometry":{"type":"Point","coordinates":[120.3281,36.0919]}},{"type":"Feature","properties":{"name":"Linyi","country":"China","admin1":"Shandong","iso":"CN","pop":2082000,"rank":4,"minzoom":5.6,"capital":0},"geometry":{"type":"Point","coordinates":[118.328,35.0819]}},{"type":"Feature","properties":{"name":"Huaiyin","country":"China","admin1":"Jiangsu","iso":"CN","pop":1264000,"rank":4,"minzoom":5.6,"capital":0},"geometry":{"type":"Point","coordinates":[119.066,33.5852]}},{"type":"Feature","properties":{"name":"Wenzhou","country":"China","admin1":"Zhejiang","iso":"CN","pop":2350000,"rank":4,"minzoom":5.1,"capital":0},"geometry":{"type":"Point","coordinates":[120.6481,28.0219]}},{"type":"Feature","properties":{"name":"Ningbo","country":"China","admin1":"Zhejiang","iso":"CN","pop":1923000,"rank":4,"minzoom":5.1,"capital":0},"geometry":{"type":"Point","coordinates":[121.5481,29.8819]}},{"type":"Feature","properties":{"name":"Fukuoka","country":"Japan","admin1":"Fukuoka","iso":"JP","pop":2792000,"rank":4,"minzoom":5.6,"capital":0},"geometry":{"type":"Point","coordinates":[130.4081,33.597]}},{"type":"Feature","properties":{"name":"Miyazaki","country":"Japan","admin1":"Miyazaki","iso":"JP","pop":324384,"rank":4,"minzoom":5.6,"capital":0},"geometry":{"type":"Point","coordinates":[131.4184,31.9182]}},{"type":"Feature","properties":{"name":"Naha","country":"Japan","admin1":"Okinawa","iso":"JP","pop":905238,"rank":4,"minzoom":5.1,"capital":0},"geometry":{"type":"Point","coordinates":[127.673,26.2072]}},{"type":"Feature","properties":{"name":"Kōchi","country":"Japan","admin1":"Kochi","iso":"JP","pop":335570,"rank":4,"minzoom":5.6,"capital":0},"geometry":{"type":"Point","coordinates":[133.5375,33.5624]}},{"type":"Feature","properties":{"name":"Gorontalo","country":"Indonesia","admin1":"Gorontalo","iso":"ID","pop":365497,"rank":4,"minzoom":5.6,"capital":0},"geometry":{"type":"Point","coordinates":[123.07,0.55]}},{"type":"Feature","properties":{"name":"Tongliao","country":"China","admin1":"Nei Mongol","iso":"CN","pop":884000,"rank":4,"minzoom":5.6,"capital":0},"geometry":{"type":"Point","coordinates":[122.268,43.6219]}},{"type":"Feature","properties":{"name":"Hohhot","country":"China","admin1":"Nei Mongol","iso":"CN","pop":1726000,"rank":4,"minzoom":5.1,"capital":0},"geometry":{"type":"Point","coordinates":[111.6581,40.8219]}},{"type":"Feature","properties":{"name":"Chifeng","country":"China","admin1":"Nei Mongol","iso":"CN","pop":1277000,"rank":4,"minzoom":5.6,"capital":0},"geometry":{"type":"Point","coordinates":[118.948,42.272]}},{"type":"Feature","properties":{"name":"Ulan Hot","country":"China","admin1":"Nei Mongol","iso":"CN","pop":241894,"rank":4,"minzoom":5.6,"capital":0},"geometry":{"type":"Point","coordinates":[122.08,46.08]}},{"type":"Feature","properties":{"name":"Hailar","country":"China","admin1":"Nei Mongol","iso":"CN","pop":231171,"rank":4,"minzoom":5.6,"capital":0},"geometry":{"type":"Point","coordinates":[119.7,49.2]}},{"type":"Feature","properties":{"name":"Jiamusi","country":"China","admin1":"Heilongjiang","iso":"CN","pop":1020000,"rank":4,"minzoom":5.1,"capital":0},"geometry":{"type":"Point","coordinates":[130.3481,46.832]}},{"type":"Feature","properties":{"name":"Bei'an","country":"China","admin1":"Heilongjiang","iso":"CN","pop":154936,"rank":4,"minzoom":5.6,"capital":0},"geometry":{"type":"Point","coordinates":[126.5286,48.2463]}},{"type":"Feature","properties":{"name":"Daqing","country":"China","admin1":"Heilongjiang","iso":"CN","pop":1693000,"rank":4,"minzoom":5.1,"capital":0},"geometry":{"type":"Point","coordinates":[124.9981,46.5819]}},{"type":"Feature","properties":{"name":"Jixi","country":"China","admin1":"Heilongjiang","iso":"CN","pop":965000,"rank":4,"minzoom":5.6,"capital":0},"geometry":{"type":"Point","coordinates":[130.9681,45.3019]}},{"type":"Feature","properties":{"name":"Nagoya","country":"Japan","admin1":"Aichi","iso":"JP","pop":3230000,"rank":4,"minzoom":5.1,"capital":0},"geometry":{"type":"Point","coordinates":[136.913,35.1569]}},{"type":"Feature","properties":{"name":"Nagano","country":"Japan","admin1":"Nagano","iso":"JP","pop":594311,"rank":4,"minzoom":5.6,"capital":0},"geometry":{"type":"Point","coordinates":[138.17,36.65]}},{"type":"Feature","properties":{"name":"Kushiro","country":"Japan","admin1":"Hokkaido","iso":"JP","pop":198566,"rank":4,"minzoom":5.1,"capital":0},"geometry":{"type":"Point","coordinates":[144.3747,42.975]}},{"type":"Feature","properties":{"name":"Hakodate","country":"Japan","admin1":"Hokkaido","iso":"JP","pop":302984,"rank":4,"minzoom":5.6,"capital":0},"geometry":{"type":"Point","coordinates":[140.74,41.795]}},{"type":"Feature","properties":{"name":"Kyoto","country":"Japan","admin1":"Kyoto","iso":"JP","pop":1805000,"rank":4,"minzoom":5.1,"capital":0},"geometry":{"type":"Point","coordinates":[135.7481,35.0319]}},{"type":"Feature","properties":{"name":"Sendai","country":"Japan","admin1":"Miyagi","iso":"JP","pop":2250000,"rank":4,"minzoom":5.1,"capital":0},"geometry":{"type":"Point","coordinates":[140.8697,38.2684]}},{"type":"Feature","properties":{"name":"Sakata","country":"Japan","admin1":"Yamagata","iso":"JP","pop":100446,"rank":4,"minzoom":5.6,"capital":0},"geometry":{"type":"Point","coordinates":[139.8501,38.92]}},{"type":"Feature","properties":{"name":"Bandundu","country":"Congo (Kinshasa)","admin1":"Bandundu","iso":"CD","pop":118211,"rank":4,"minzoom":5.6,"capital":0},"geometry":{"type":"Point","coordinates":[17.38,-3.31]}},{"type":"Feature","properties":{"name":"Kananga","country":"Congo (Kinshasa)","admin1":"Kasaï-Occidental","iso":"CD","pop":765000,"rank":4,"minzoom":5.6,"capital":0},"geometry":{"type":"Point","coordinates":[22.3981,-5.8881]}},{"type":"Feature","properties":{"name":"Kasongo","country":"Congo (Kinshasa)","admin1":"Maniema","iso":"CD","pop":63000,"rank":4,"minzoom":5.6,"capital":0},"geometry":{"type":"Point","coordinates":[26.66,-4.45]}},{"type":"Feature","properties":{"name":"Mbuji-Mayi","country":"Congo (Kinshasa)","admin1":"Kasaï-Oriental","iso":"CD","pop":1295000,"rank":4,"minzoom":5.6,"capital":0},"geometry":{"type":"Point","coordinates":[23.5981,-6.1481]}},{"type":"Feature","properties":{"name":"Kalemie","country":"Congo (Kinshasa)","admin1":"Katanga","iso":"CD","pop":206257,"rank":4,"minzoom":5.6,"capital":0},"geometry":{"type":"Point","coordinates":[29.2,-5.9333]}},{"type":"Feature","properties":{"name":"Butembo","country":"Congo (Kinshasa)","admin1":"Nord-Kivu","iso":"CD","pop":286403,"rank":4,"minzoom":5.6,"capital":0},"geometry":{"type":"Point","coordinates":[29.28,0.13]}},{"type":"Feature","properties":{"name":"Goma","country":"Congo (Kinshasa)","admin1":"Nord-Kivu","iso":"CD","pop":144124,"rank":4,"minzoom":5.1,"capital":0},"geometry":{"type":"Point","coordinates":[29.2218,-1.6788]}},{"type":"Feature","properties":{"name":"Mzuzu","country":"Malawi","admin1":"Mzimba","iso":"MW","pop":110201,"rank":4,"minzoom":5.6,"capital":0},"geometry":{"type":"Point","coordinates":[34.02,-11.46]}},{"type":"Feature","properties":{"name":"Blantyre","country":"Malawi","admin1":"Blantyre","iso":"MW","pop":584877,"rank":4,"minzoom":5.6,"capital":0},"geometry":{"type":"Point","coordinates":[34.9899,-15.79]}},{"type":"Feature","properties":{"name":"Quetzaltenango","country":"Guatemala","admin1":"Quezaltenango","iso":"GT","pop":575263,"rank":4,"minzoom":5.6,"capital":0},"geometry":{"type":"Point","coordinates":[-91.52,14.83]}},{"type":"Feature","properties":{"name":"Banjul","country":"The Gambia","admin1":"Banjul","iso":"GM","pop":43094,"rank":4,"minzoom":5.6,"capital":1},"geometry":{"type":"Point","coordinates":[-16.5917,13.4539]}},{"type":"Feature","properties":{"name":"Faridabad","country":"India","admin1":"Haryana","iso":"IN","pop":1394000,"rank":4,"minzoom":5.6,"capital":0},"geometry":{"type":"Point","coordinates":[77.3147,28.4353]}},{"type":"Feature","properties":{"name":"Srinagar","country":"India","admin1":"Jammu and Kashmir","iso":"IN","pop":1140000,"rank":4,"minzoom":5.6,"capital":0},"geometry":{"type":"Point","coordinates":[74.8283,34.0695]}},{"type":"Feature","properties":{"name":"Vijayawada","country":"India","admin1":"Andhra Pradesh","iso":"IN","pop":1137000,"rank":4,"minzoom":5.6,"capital":0},"geometry":{"type":"Point","coordinates":[80.6281,16.5219]}},{"type":"Feature","properties":{"name":"Thiruvananthapuram","country":"India","admin1":"Kerala","iso":"IN","pop":954000,"rank":4,"minzoom":5.6,"capital":0},"geometry":{"type":"Point","coordinates":[76.9252,8.5155]}},{"type":"Feature","properties":{"name":"Kochi","country":"India","admin1":"Kerala","iso":"IN","pop":1519000,"rank":4,"minzoom":5.6,"capital":0},"geometry":{"type":"Point","coordinates":[76.222,10.017]}},{"type":"Feature","properties":{"name":"Cuttack","country":"India","admin1":"Orissa","iso":"IN","pop":580000,"rank":4,"minzoom":5.6,"capital":0},"geometry":{"type":"Point","coordinates":[85.8899,20.47]}},{"type":"Feature","properties":{"name":"Hubballi","country":"India","admin1":"Karnataka","iso":"IN","pop":890000,"rank":4,"minzoom":5.6,"capital":0},"geometry":{"type":"Point","coordinates":[75.1231,15.3619]}},{"type":"Feature","properties":{"name":"Mangaluru","country":"India","admin1":"Karnataka","iso":"IN","pop":776632,"rank":4,"minzoom":5.6,"capital":0},"geometry":{"type":"Point","coordinates":[74.85,12.9]}},{"type":"Feature","properties":{"name":"Mysuru","country":"India","admin1":"Karnataka","iso":"IN","pop":887000,"rank":4,"minzoom":5.6,"capital":0},"geometry":{"type":"Point","coordinates":[76.6581,12.3119]}},{"type":"Feature","properties":{"name":"Kalaburagi","country":"India","admin1":"Karnataka","iso":"IN","pop":483615,"rank":4,"minzoom":5.6,"capital":0},"geometry":{"type":"Point","coordinates":[76.82,17.35]}},{"type":"Feature","properties":{"name":"Kolhapur","country":"India","admin1":"Maharashtra","iso":"IN","pop":750000,"rank":4,"minzoom":5.1,"capital":0},"geometry":{"type":"Point","coordinates":[74.22,16.7]}},{"type":"Feature","properties":{"name":"Nanded","country":"India","admin1":"Maharashtra","iso":"IN","pop":623708,"rank":4,"minzoom":5.6,"capital":0},"geometry":{"type":"Point","coordinates":[77.3083,19.1973]}},{"type":"Feature","properties":{"name":"Akola","country":"India","admin1":"Maharashtra","iso":"IN","pop":503502,"rank":4,"minzoom":5.6,"capital":0},"geometry":{"type":"Point","coordinates":[77.01,20.71]}},{"type":"Feature","properties":{"name":"Guwahati","country":"India","admin1":"Assam","iso":"IN","pop":983000,"rank":4,"minzoom":5.6,"capital":0},"geometry":{"type":"Point","coordinates":[91.768,26.162]}},{"type":"Feature","properties":{"name":"Kayes","country":"Congo (Brazzaville)","admin1":"Bouenza","iso":"CG","pop":62521,"rank":4,"minzoom":5.6,"capital":0},"geometry":{"type":"Point","coordinates":[13.28,-4.18]}},{"type":"Feature","properties":{"name":"Franceville","country":"Gabon","admin1":"Haut-Ogooué","iso":"GA","pop":42967,"rank":4,"minzoom":5.6,"capital":0},"geometry":{"type":"Point","coordinates":[13.5833,-1.6333]}},{"type":"Feature","properties":{"name":"Bordeaux","country":"France","admin1":"Aquitaine","iso":"FR","pop":803000,"rank":4,"minzoom":5,"capital":0},"geometry":{"type":"Point","coordinates":[-0.597,44.852]}},{"type":"Feature","properties":{"name":"Marseille","country":"France","admin1":"Provence-Alpes-Côte-d'Azur","iso":"FR","pop":1400000,"rank":4,"minzoom":5,"capital":0},"geometry":{"type":"Point","coordinates":[5.3731,43.2919]}},{"type":"Feature","properties":{"name":"Le Havre","country":"France","admin1":"Haute-Normandie","iso":"FR","pop":242124,"rank":4,"minzoom":5,"capital":0},"geometry":{"type":"Point","coordinates":[0.105,49.505]}},{"type":"Feature","properties":{"name":"Gao","country":"Mali","admin1":"Gao","iso":"ML","pop":116967,"rank":4,"minzoom":5.1,"capital":0},"geometry":{"type":"Point","coordinates":[-0.05,16.2666]}},{"type":"Feature","properties":{"name":"Coihaique","country":"Chile","admin1":"Aisén del General Carlos Ibáñez del Campo","iso":"CL","pop":45787,"rank":4,"minzoom":5.6,"capital":0},"geometry":{"type":"Point","coordinates":[-72.07,-45.57]}},{"type":"Feature","properties":{"name":"Arica","country":"Chile","admin1":"Arica y Parinacota","iso":"CL","pop":185999,"rank":4,"minzoom":5.6,"capital":0},"geometry":{"type":"Point","coordinates":[-70.29,-18.5]}},{"type":"Feature","properties":{"name":"Copiapó","country":"Chile","admin1":"Atacama","iso":"CL","pop":129280,"rank":4,"minzoom":5.6,"capital":0},"geometry":{"type":"Point","coordinates":[-70.33,-27.3718]}},{"type":"Feature","properties":{"name":"La Serena","country":"Chile","admin1":"Coquimbo","iso":"CL","pop":154521,"rank":4,"minzoom":5.6,"capital":0},"geometry":{"type":"Point","coordinates":[-71.25,-29.9]}},{"type":"Feature","properties":{"name":"Los Angeles","country":"Chile","admin1":"Bío-Bío","iso":"CL","pop":145239,"rank":4,"minzoom":5.6,"capital":0},"geometry":{"type":"Point","coordinates":[-72.3469,-37.4797]}},{"type":"Feature","properties":{"name":"Narsarsuaq","country":"Greenland","admin1":"Kommune Kujalleq","iso":"GL","pop":145,"rank":4,"minzoom":5.1,"capital":0},"geometry":{"type":"Point","coordinates":[-45.4166,61.1666]}},{"type":"Feature","properties":{"name":"Sisimiut","country":"Greenland","admin1":"Qeqqata Kommunia","iso":"GL","pop":5227,"rank":4,"minzoom":5.1,"capital":0},"geometry":{"type":"Point","coordinates":[-53.6666,66.95]}},{"type":"Feature","properties":{"name":"Upernavik","country":"Greenland","admin1":"Qaasuitsup Kommunia","iso":"GL","pop":1129,"rank":4,"minzoom":5.1,"capital":0},"geometry":{"type":"Point","coordinates":[-56.1417,72.7094]}},{"type":"Feature","properties":{"name":"Qaanaaq","country":"Greenland","admin1":"Qaasuitsup Kommunia","iso":"GL","pop":616,"rank":4,"minzoom":5.6,"capital":0},"geometry":{"type":"Point","coordinates":[-69.2296,77.4665]}},{"type":"Feature","properties":{"name":"Nouadhibou","country":"Mauritania","admin1":"Dakhlet Nouadhibou","iso":"MR","pop":86738,"rank":4,"minzoom":5.6,"capital":0},"geometry":{"type":"Point","coordinates":[-17.056,20.9]}},{"type":"Feature","properties":{"name":"Kayes","country":"Mali","admin1":"Kayes","iso":"ML","pop":77207,"rank":4,"minzoom":5.6,"capital":0},"geometry":{"type":"Point","coordinates":[-11.44,14.45]}},{"type":"Feature","properties":{"name":"Ayoun el Atrous","country":"Mauritania","admin1":"Hodh el Gharbi","iso":"MR","pop":1423,"rank":4,"minzoom":5.6,"capital":0},"geometry":{"type":"Point","coordinates":[-9.6167,16.6666]}},{"type":"Feature","properties":{"name":"Ségou","country":"Mali","admin1":"Ségou","iso":"ML","pop":122952,"rank":4,"minzoom":5.6,"capital":0},"geometry":{"type":"Point","coordinates":[-6.26,13.44]}},{"type":"Feature","properties":{"name":"Skopje","country":"North Macedonia","admin1":"Centar","iso":"MK","pop":494087,"rank":4,"minzoom":5.6,"capital":1},"geometry":{"type":"Point","coordinates":[21.4335,42.0]}},{"type":"Feature","properties":{"name":"Al Jawf","country":"Libya","admin1":"Al Kufrah","iso":"LY","pop":24132,"rank":4,"minzoom":5.6,"capital":0},"geometry":{"type":"Point","coordinates":[23.29,24.2]}},{"type":"Feature","properties":{"name":"Tmassa","country":"Libya","admin1":"Murzuq","iso":"LY","pop":500,"rank":4,"minzoom":5.6,"capital":0},"geometry":{"type":"Point","coordinates":[15.8,26.3666]}},{"type":"Feature","properties":{"name":"Misrata","country":"Libya","admin1":"Misratah","iso":"LY","pop":386120,"rank":4,"minzoom":5.6,"capital":0},"geometry":{"type":"Point","coordinates":[15.1,32.38]}},{"type":"Feature","properties":{"name":"Zuwara","country":"Libya","admin1":"An Nuqat al Khams","iso":"LY","pop":180310,"rank":4,"minzoom":5.6,"capital":0},"geometry":{"type":"Point","coordinates":[12.0791,32.9344]}},{"type":"Feature","properties":{"name":"Kirkuk","country":"Iraq","admin1":"At-Ta'mim","iso":"IQ","pop":601433,"rank":4,"minzoom":5.1,"capital":0},"geometry":{"type":"Point","coordinates":[44.3923,35.4722]}},{"type":"Feature","properties":{"name":"Mosul","country":"Iraq","admin1":"Ninawa","iso":"IQ","pop":1316000,"rank":4,"minzoom":5.6,"capital":0},"geometry":{"type":"Point","coordinates":[43.1431,36.3469]}},{"type":"Feature","properties":{"name":"Najaf","country":"Iraq","admin1":"An-Najaf","iso":"IQ","pop":665552,"rank":4,"minzoom":5.6,"capital":0},"geometry":{"type":"Point","coordinates":[44.3354,32.0003]}},{"type":"Feature","properties":{"name":"Bahir Dar","country":"Ethiopia","admin1":"Amhara","iso":"ET","pop":206748,"rank":4,"minzoom":5.6,"capital":0},"geometry":{"type":"Point","coordinates":[37.3833,11.6001]}},{"type":"Feature","properties":{"name":"Mekele","country":"Ethiopia","admin1":"Tigray","iso":"ET","pop":95856,"rank":4,"minzoom":5.6,"capital":0},"geometry":{"type":"Point","coordinates":[39.47,13.5]}},{"type":"Feature","properties":{"name":"Dire Dawa","country":"Ethiopia","admin1":"Dire Dawa","iso":"ET","pop":252279,"rank":4,"minzoom":5.6,"capital":0},"geometry":{"type":"Point","coordinates":[41.86,9.59]}},{"type":"Feature","properties":{"name":"Rovaniemi","country":"Finland","admin1":"Lapland","iso":"FI","pop":34781,"rank":4,"minzoom":5.1,"capital":0},"geometry":{"type":"Point","coordinates":[25.7159,66.5]}},{"type":"Feature","properties":{"name":"Vaasa","country":"Finland","admin1":"Western Finland","iso":"FI","pop":57014,"rank":4,"minzoom":5.1,"capital":0},"geometry":{"type":"Point","coordinates":[21.6,63.1]}},{"type":"Feature","properties":{"name":"Tampere","country":"Finland","admin1":"Pirkanmaa","iso":"FI","pop":259279,"rank":4,"minzoom":5.1,"capital":0},"geometry":{"type":"Point","coordinates":[23.75,61.5]}},{"type":"Feature","properties":{"name":"Aqtobe","country":"Kazakhstan","admin1":"Aqtöbe","iso":"KZ","pop":262457,"rank":4,"minzoom":5.6,"capital":0},"geometry":{"type":"Point","coordinates":[57.17,50.28]}},{"type":"Feature","properties":{"name":"Rudniy","country":"Kazakhstan","admin1":"Qostanay","iso":"KZ","pop":124000,"rank":4,"minzoom":5.6,"capital":0},"geometry":{"type":"Point","coordinates":[63.13,52.9527]}},{"type":"Feature","properties":{"name":"Qyzylorda","country":"Kazakhstan","admin1":"Qyzylorda","iso":"KZ","pop":300000,"rank":4,"minzoom":5.6,"capital":0},"geometry":{"type":"Point","coordinates":[65.465,44.8]}},{"type":"Feature","properties":{"name":"Atyrau","country":"Kazakhstan","admin1":"Atyrau","iso":"KZ","pop":182753,"rank":4,"minzoom":5,"capital":0},"geometry":{"type":"Point","coordinates":[51.92,47.1127]}},{"type":"Feature","properties":{"name":"Ekibastuz","country":"Kazakhstan","admin1":"Pavlodar","iso":"KZ","pop":127868,"rank":4,"minzoom":5.6,"capital":0},"geometry":{"type":"Point","coordinates":[75.3199,51.73]}},{"type":"Feature","properties":{"name":"Pavlodar","country":"Kazakhstan","admin1":"Pavlodar","iso":"KZ","pop":329002,"rank":4,"minzoom":5.6,"capital":0},"geometry":{"type":"Point","coordinates":[76.95,52.3]}},{"type":"Feature","properties":{"name":"Semey","country":"Kazakhstan","admin1":"East Kazakhstan","iso":"KZ","pop":311353,"rank":4,"minzoom":5.6,"capital":0},"geometry":{"type":"Point","coordinates":[80.275,50.435]}},{"type":"Feature","properties":{"name":"Oskemen","country":"Kazakhstan","admin1":"East Kazakhstan","iso":"KZ","pop":319067,"rank":4,"minzoom":5.6,"capital":0},"geometry":{"type":"Point","coordinates":[82.6149,49.99]}},{"type":"Feature","properties":{"name":"Yazd","country":"Iran","admin1":"Yazd","iso":"IR","pop":477905,"rank":4,"minzoom":5.6,"capital":0},"geometry":{"type":"Point","coordinates":[54.37,31.9201]}},{"type":"Feature","properties":{"name":"Ahvaz","country":"Iran","admin1":"Khuzestan","iso":"IR","pop":996000,"rank":4,"minzoom":5.1,"capital":0},"geometry":{"type":"Point","coordinates":[48.7181,31.2819]}},{"type":"Feature","properties":{"name":"Basra","country":"Iraq","admin1":"Al-Basrah","iso":"IQ","pop":870000,"rank":4,"minzoom":5.1,"capital":0},"geometry":{"type":"Point","coordinates":[47.8116,30.5155]}},{"type":"Feature","properties":{"name":"Bandar-e-Abbas","country":"Iran","admin1":"Hormozgan","iso":"IR","pop":461499,"rank":4,"minzoom":5.6,"capital":0},"geometry":{"type":"Point","coordinates":[56.2721,27.2041]}},{"type":"Feature","properties":{"name":"Hamadan","country":"Iran","admin1":"Hamadan","iso":"IR","pop":528256,"rank":4,"minzoom":5.6,"capital":0},"geometry":{"type":"Point","coordinates":[48.515,34.796]}},{"type":"Feature","properties":{"name":"Tabriz","country":"Iran","admin1":"East Azarbaijan","iso":"IR","pop":1413000,"rank":4,"minzoom":5.1,"capital":0},"geometry":{"type":"Point","coordinates":[46.2993,38.0882]}},{"type":"Feature","properties":{"name":"Ludhiana","country":"India","admin1":"Punjab","iso":"IN","pop":1649000,"rank":4,"minzoom":5.6,"capital":0},"geometry":{"type":"Point","coordinates":[75.8703,30.9297]}},{"type":"Feature","properties":{"name":"Kota","country":"India","admin1":"Rajasthan","iso":"IN","pop":827000,"rank":4,"minzoom":5.6,"capital":0},"geometry":{"type":"Point","coordinates":[75.8331,25.1819]}},{"type":"Feature","properties":{"name":"Jodhpur","country":"India","admin1":"Rajasthan","iso":"IN","pop":995000,"rank":4,"minzoom":5.6,"capital":0},"geometry":{"type":"Point","coordinates":[73.0148,26.2937]}},{"type":"Feature","properties":{"name":"Shymkent","country":"Kazakhstan","admin1":"South Kazakhstan","iso":"KZ","pop":465392,"rank":4,"minzoom":5.6,"capital":0},"geometry":{"type":"Point","coordinates":[69.595,42.32]}},{"type":"Feature","properties":{"name":"Taraz","country":"Kazakhstan","admin1":"Zhambyl","iso":"KZ","pop":358153,"rank":4,"minzoom":5.6,"capital":0},"geometry":{"type":"Point","coordinates":[71.365,42.9]}},{"type":"Feature","properties":{"name":"Lucknow","country":"India","admin1":"Uttar Pradesh","iso":"IN","pop":2695000,"rank":4,"minzoom":5.6,"capital":0},"geometry":{"type":"Point","coordinates":[80.9131,26.857]}},{"type":"Feature","properties":{"name":"Saharanpur","country":"India","admin1":"Uttar Pradesh","iso":"IN","pop":484873,"rank":4,"minzoom":5.6,"capital":0},"geometry":{"type":"Point","coordinates":[77.55,29.97]}},{"type":"Feature","properties":{"name":"Ranchi","country":"India","admin1":"Jharkhand","iso":"IN","pop":1044000,"rank":4,"minzoom":5.6,"capital":0},"geometry":{"type":"Point","coordinates":[85.3281,23.372]}},{"type":"Feature","properties":{"name":"Bhagalpur","country":"India","admin1":"Bihar","iso":"IN","pop":361548,"rank":4,"minzoom":5.6,"capital":0},"geometry":{"type":"Point","coordinates":[86.98,25.23]}},{"type":"Feature","properties":{"name":"Raipur","country":"India","admin1":"Chhattisgarh","iso":"IN","pop":875000,"rank":4,"minzoom":5.6,"capital":0},"geometry":{"type":"Point","coordinates":[81.6331,21.2369]}},{"type":"Feature","properties":{"name":"Jabalpur","country":"India","admin1":"Madhya Pradesh","iso":"IN","pop":1285000,"rank":4,"minzoom":5.6,"capital":0},"geometry":{"type":"Point","coordinates":[79.9531,23.177]}},{"type":"Feature","properties":{"name":"Indore","country":"India","admin1":"Madhya Pradesh","iso":"IN","pop":2026000,"rank":4,"minzoom":5.6,"capital":0},"geometry":{"type":"Point","coordinates":[75.8631,22.717]}},{"type":"Feature","properties":{"name":"Puducherry","country":"India","admin1":"Puducherry","iso":"IN","pop":227411,"rank":4,"minzoom":5.1,"capital":0},"geometry":{"type":"Point","coordinates":[79.83,11.935]}},{"type":"Feature","properties":{"name":"Salem","country":"India","admin1":"Tamil Nadu","iso":"IN","pop":873000,"rank":4,"minzoom":5.6,"capital":0},"geometry":{"type":"Point","coordinates":[78.1781,11.6719]}},{"type":"Feature","properties":{"name":"Tiruchirappalli","country":"India","admin1":"Tamil Nadu","iso":"IN","pop":951000,"rank":4,"minzoom":5.6,"capital":0},"geometry":{"type":"Point","coordinates":[78.6875,10.8005]}},{"type":"Feature","properties":{"name":"Pointe-Noire","country":"Congo (Brazzaville)","admin1":"Kouilou","iso":"CG","pop":659084,"rank":4,"minzoom":5.6,"capital":0},"geometry":{"type":"Point","coordinates":[11.88,-4.77]}},{"type":"Feature","properties":{"name":"Kankan","country":"Guinea","admin1":"Kankan","iso":"GN","pop":114009,"rank":4,"minzoom":5.1,"capital":0},"geometry":{"type":"Point","coordinates":[-9.31,10.39]}},{"type":"Feature","properties":{"name":"Nzérékoré","country":"Guinea","admin1":"Nzerekore","iso":"GN","pop":168121,"rank":4,"minzoom":5.1,"capital":0},"geometry":{"type":"Point","coordinates":[-8.83,7.76]}},{"type":"Feature","properties":{"name":"Bouaké","country":"Ivory Coast","admin1":"Vallée du Bandama","iso":"CI","pop":567481,"rank":4,"minzoom":5.6,"capital":0},"geometry":{"type":"Point","coordinates":[-5.03,7.69]}},{"type":"Feature","properties":{"name":"St.-Denis","country":"France","admin1":"La Réunion","iso":"RE","pop":190047,"rank":4,"minzoom":5.6,"capital":0},"geometry":{"type":"Point","coordinates":[55.4481,-20.8789]}},{"type":"Feature","properties":{"name":"Rio Branco","country":"Brazil","admin1":"Acre","iso":"BR","pop":257642,"rank":4,"minzoom":5.6,"capital":0},"geometry":{"type":"Point","coordinates":[-67.8,-9.9666]}},{"type":"Feature","properties":{"name":"São Luís","country":"Brazil","admin1":"Maranhão","iso":"BR","pop":1038000,"rank":4,"minzoom":5.6,"capital":0},"geometry":{"type":"Point","coordinates":[-44.2679,-2.514]}},{"type":"Feature","properties":{"name":"Porto Velho","country":"Brazil","admin1":"Rondônia","iso":"BR","pop":306180,"rank":4,"minzoom":5.1,"capital":0},"geometry":{"type":"Point","coordinates":[-63.9,-8.75]}},{"type":"Feature","properties":{"name":"Alvorada","country":"Brazil","admin1":"Tocantins","iso":"BR","pop":10232,"rank":4,"minzoom":5.6,"capital":0},"geometry":{"type":"Point","coordinates":[-49.082,-12.47]}},{"type":"Feature","properties":{"name":"Corumbá","country":"Brazil","admin1":"Mato Grosso do Sul","iso":"BR","pop":96520,"rank":4,"minzoom":5.6,"capital":0},"geometry":{"type":"Point","coordinates":[-57.65,-19.016]}},{"type":"Feature","properties":{"name":"Belo Horizonte","country":"Brazil","admin1":"Minas Gerais","iso":"BR","pop":5575000,"rank":4,"minzoom":5.1,"capital":0},"geometry":{"type":"Point","coordinates":[-43.9169,-19.9131]}},{"type":"Feature","properties":{"name":"Montes Claros","country":"Brazil","admin1":"Minas Gerais","iso":"BR","pop":332379,"rank":4,"minzoom":5.6,"capital":0},"geometry":{"type":"Point","coordinates":[-43.86,-16.72]}},{"type":"Feature","properties":{"name":"Uberlândia","country":"Brazil","admin1":"Minas Gerais","iso":"BR","pop":563536,"rank":4,"minzoom":5.6,"capital":0},"geometry":{"type":"Point","coordinates":[-48.28,-18.9]}},{"type":"Feature","properties":{"name":"Colíder","country":"Brazil","admin1":"Mato Grosso","iso":"BR","pop":27139,"rank":4,"minzoom":5.6,"capital":0},"geometry":{"type":"Point","coordinates":[-55.4506,-10.8173]}},{"type":"Feature","properties":{"name":"Alta Floresta","country":"Brazil","admin1":"Mato Grosso","iso":"BR","pop":40466,"rank":4,"minzoom":5.6,"capital":0},"geometry":{"type":"Point","coordinates":[-55.91,-9.9]}},{"type":"Feature","properties":{"name":"Cuiabá","country":"Brazil","admin1":"Mato Grosso","iso":"BR","pop":806000,"rank":4,"minzoom":5.1,"capital":0},"geometry":{"type":"Point","coordinates":[-56.0869,-15.5677]}},{"type":"Feature","properties":{"name":"Pelotas","country":"Brazil","admin1":"Rio Grande do Sul","iso":"BR","pop":320674,"rank":4,"minzoom":5.6,"capital":0},"geometry":{"type":"Point","coordinates":[-52.33,-31.75]}},{"type":"Feature","properties":{"name":"Caxias do Sul","country":"Brazil","admin1":"Rio Grande do Sul","iso":"BR","pop":381270,"rank":4,"minzoom":5.6,"capital":0},"geometry":{"type":"Point","coordinates":[-51.17,-29.18]}},{"type":"Feature","properties":{"name":"Ponta Grossa","country":"Brazil","admin1":"Paraná","iso":"BR","pop":292177,"rank":4,"minzoom":5.6,"capital":0},"geometry":{"type":"Point","coordinates":[-50.16,-25.09]}},{"type":"Feature","properties":{"name":"Teresina","country":"Brazil","admin1":"Piauí","iso":"BR","pop":907000,"rank":4,"minzoom":5.6,"capital":0},"geometry":{"type":"Point","coordinates":[-42.782,-5.0931]}},{"type":"Feature","properties":{"name":"Maceió","country":"Brazil","admin1":"Alagoas","iso":"BR","pop":1186000,"rank":4,"minzoom":5.6,"capital":0},"geometry":{"type":"Point","coordinates":[-35.7319,-9.6181]}},{"type":"Feature","properties":{"name":"Vitória da Conquista","country":"Brazil","admin1":"Bahia","iso":"BR","pop":308204,"rank":4,"minzoom":5.6,"capital":0},"geometry":{"type":"Point","coordinates":[-40.84,-14.85]}},{"type":"Feature","properties":{"name":"Barreiras","country":"Brazil","admin1":"Bahia","iso":"BR","pop":158292,"rank":4,"minzoom":5.6,"capital":0},"geometry":{"type":"Point","coordinates":[-45.0,-12.14]}},{"type":"Feature","properties":{"name":"Vila Velha","country":"Brazil","admin1":"Espírito Santo","iso":"BR","pop":1209091,"rank":4,"minzoom":5.6,"capital":0},"geometry":{"type":"Point","coordinates":[-40.2902,-20.338]}},{"type":"Feature","properties":{"name":"Natal","country":"Brazil","admin1":"Rio Grande do Norte","iso":"BR","pop":1088000,"rank":4,"minzoom":5.6,"capital":0},"geometry":{"type":"Point","coordinates":[-35.242,-5.7781]}},{"type":"Feature","properties":{"name":"Thompson","country":"Canada","admin1":"Manitoba","iso":"CA","pop":13727,"rank":4,"minzoom":5.6,"capital":0},"geometry":{"type":"Point","coordinates":[-97.8666,55.7499]}},{"type":"Feature","properties":{"name":"Brandon","country":"Canada","admin1":"Manitoba","iso":"CA","pop":28418,"rank":4,"minzoom":5.6,"capital":0},"geometry":{"type":"Point","coordinates":[-99.95,49.8333]}},{"type":"Feature","properties":{"name":"Fort Smith","country":"Canada","admin1":"Alberta","iso":"CA","pop":518,"rank":4,"minzoom":5.1,"capital":0},"geometry":{"type":"Point","coordinates":[-111.8833,60.0]}},{"type":"Feature","properties":{"name":"Fort McMurray","country":"Canada","admin1":"Alberta","iso":"CA","pop":21863,"rank":4,"minzoom":5.6,"capital":0},"geometry":{"type":"Point","coordinates":[-111.3833,56.7333]}},{"type":"Feature","properties":{"name":"Peace River","country":"Canada","admin1":"Alberta","iso":"CA","pop":5340,"rank":4,"minzoom":5.6,"capital":0},"geometry":{"type":"Point","coordinates":[-117.2833,56.2333]}},{"type":"Feature","properties":{"name":"Fort St. John","country":"Canada","admin1":"British Columbia","iso":"CA","pop":18776,"rank":4,"minzoom":5.1,"capital":0},"geometry":{"type":"Point","coordinates":[-120.8333,56.25]}},{"type":"Feature","properties":{"name":"Iqaluit","country":"Canada","admin1":"Nunavut","iso":"CA","pop":6124,"rank":4,"minzoom":5.1,"capital":0},"geometry":{"type":"Point","coordinates":[-68.5002,63.7505]}},{"type":"Feature","properties":{"name":"Cambridge Bay","country":"Canada","admin1":"Nunavut","iso":"CA","pop":1477,"rank":4,"minzoom":5.6,"capital":0},"geometry":{"type":"Point","coordinates":[-105.0333,69.117]}},{"type":"Feature","properties":{"name":"Kugluktuk","country":"Canada","admin1":"Nunavut","iso":"CA","pop":1302,"rank":4,"minzoom":5.6,"capital":0},"geometry":{"type":"Point","coordinates":[-115.1253,67.7987]}},{"type":"Feature","properties":{"name":"Chesterfield Inlet","country":"Canada","admin1":"Nunavut","iso":"CA","pop":374,"rank":4,"minzoom":5.6,"capital":0},"geometry":{"type":"Point","coordinates":[-90.7001,63.3383]}},{"type":"Feature","properties":{"name":"Arviat","country":"Canada","admin1":"Nunavut","iso":"CA","pop":1868,"rank":4,"minzoom":5.6,"capital":0},"geometry":{"type":"Point","coordinates":[-94.0586,61.1086]}},{"type":"Feature","properties":{"name":"Taloyoak","country":"Canada","admin1":"Nunavut","iso":"CA","pop":774,"rank":4,"minzoom":5.6,"capital":0},"geometry":{"type":"Point","coordinates":[-93.5333,69.5333]}},{"type":"Feature","properties":{"name":"Igloolik","country":"Canada","admin1":"Nunavut","iso":"CA","pop":1612,"rank":4,"minzoom":5.6,"capital":0},"geometry":{"type":"Point","coordinates":[-81.7936,69.2565]}},{"type":"Feature","properties":{"name":"Dawson City","country":"Canada","admin1":"Yukon","iso":"CA","pop":1319,"rank":4,"minzoom":5.1,"capital":0},"geometry":{"type":"Point","coordinates":[-139.4167,64.0666]}},{"type":"Feature","properties":{"name":"Timmins","country":"Canada","admin1":"Ontario","iso":"CA","pop":34974,"rank":4,"minzoom":5.6,"capital":0},"geometry":{"type":"Point","coordinates":[-81.3333,48.4666]}},{"type":"Feature","properties":{"name":"North Bay","country":"Canada","admin1":"Ontario","iso":"CA","pop":50170,"rank":4,"minzoom":5.6,"capital":0},"geometry":{"type":"Point","coordinates":[-79.45,46.3]}},{"type":"Feature","properties":{"name":"Kuujjuarapik","country":"Canada","admin1":"Québec","iso":"CA","pop":1243,"rank":4,"minzoom":5.6,"capital":0},"geometry":{"type":"Point","coordinates":[-77.7658,55.2815]}},{"type":"Feature","properties":{"name":"Kuujjuaq","country":"Canada","admin1":"Québec","iso":"CA","pop":1273,"rank":4,"minzoom":5.6,"capital":0},"geometry":{"type":"Point","coordinates":[-68.4,58.1]}},{"type":"Feature","properties":{"name":"Sydney","country":"Canada","admin1":"Nova Scotia","iso":"CA","pop":37538,"rank":4,"minzoom":5.6,"capital":0},"geometry":{"type":"Point","coordinates":[-60.18,46.0661]}},{"type":"Feature","properties":{"name":"Labrador City","country":"Canada","admin1":"Newfoundland and Labrador","iso":"CA","pop":10313,"rank":4,"minzoom":5.6,"capital":0},"geometry":{"type":"Point","coordinates":[-66.9159,52.9414]}},{"type":"Feature","properties":{"name":"Ebolowa","country":"Cameroon","admin1":"Sud","iso":"CM","pop":87875,"rank":4,"minzoom":5.6,"capital":0},"geometry":{"type":"Point","coordinates":[11.15,2.9]}},{"type":"Feature","properties":{"name":"Bambari","country":"Central African Republic","admin1":"Ouaka","iso":"CF","pop":62098,"rank":4,"minzoom":5.6,"capital":0},"geometry":{"type":"Point","coordinates":[20.6672,5.762]}},{"type":"Feature","properties":{"name":"Venice","country":"Italy","admin1":"Veneto","iso":"IT","pop":270816,"rank":4,"minzoom":5.1,"capital":0},"geometry":{"type":"Point","coordinates":[12.335,45.4387]}},{"type":"Feature","properties":{"name":"El Calafate","country":"Argentina","admin1":"Santa Cruz","iso":"AR","pop":8000,"rank":4,"minzoom":5.6,"capital":0},"geometry":{"type":"Point","coordinates":[-72.3,-50.3333]}},{"type":"Feature","properties":{"name":"San Juan","country":"Argentina","admin1":"San Juan","iso":"AR","pop":447048,"rank":4,"minzoom":5.6,"capital":0},"geometry":{"type":"Point","coordinates":[-68.52,-31.55]}},{"type":"Feature","properties":{"name":"Rawson","country":"Argentina","admin1":"Chubut","iso":"AR","pop":26335,"rank":4,"minzoom":5.1,"capital":0},"geometry":{"type":"Point","coordinates":[-65.1,-43.3]}},{"type":"Feature","properties":{"name":"Neuquén","country":"Argentina","admin1":"Neuquén","iso":"AR","pop":242092,"rank":4,"minzoom":5.1,"capital":0},"geometry":{"type":"Point","coordinates":[-68.06,-38.95]}},{"type":"Feature","properties":{"name":"Trinidad","country":"Bolivia","admin1":"El Beni","iso":"BO","pop":84259,"rank":4,"minzoom":5.6,"capital":0},"geometry":{"type":"Point","coordinates":[-64.9,-14.8334]}},{"type":"Feature","properties":{"name":"Santa Rosa","country":"Argentina","admin1":"La Pampa","iso":"AR","pop":111424,"rank":4,"minzoom":5.1,"capital":0},"geometry":{"type":"Point","coordinates":[-64.3,-36.62]}},{"type":"Feature","properties":{"name":"Bariloche","country":"Argentina","admin1":"Río Negro","iso":"AR","pop":95394,"rank":4,"minzoom":5.6,"capital":0},"geometry":{"type":"Point","coordinates":[-71.3,-41.15]}},{"type":"Feature","properties":{"name":"Salta","country":"Argentina","admin1":"Salta","iso":"AR","pop":512686,"rank":4,"minzoom":5.6,"capital":0},"geometry":{"type":"Point","coordinates":[-65.4166,-24.7834]}},{"type":"Feature","properties":{"name":"Tucumán","country":"Argentina","admin1":"Tucumán","iso":"AR","pop":830000,"rank":4,"minzoom":5.6,"capital":0},"geometry":{"type":"Point","coordinates":[-65.2186,-26.8141]}},{"type":"Feature","properties":{"name":"Formosa","country":"Argentina","admin1":"Formosa","iso":"AR","pop":221383,"rank":4,"minzoom":5.6,"capital":0},"geometry":{"type":"Point","coordinates":[-58.1828,-26.1728]}},{"type":"Feature","properties":{"name":"Santa Fe","country":"Argentina","admin1":"Santa Fe","iso":"AR","pop":489505,"rank":4,"minzoom":5.6,"capital":0},"geometry":{"type":"Point","coordinates":[-60.69,-31.6239]}},{"type":"Feature","properties":{"name":"Rosario","country":"Argentina","admin1":"Santa Fe","iso":"AR","pop":1203000,"rank":4,"minzoom":5.1,"capital":0},"geometry":{"type":"Point","coordinates":[-60.6683,-32.9492]}},{"type":"Feature","properties":{"name":"Campinas","country":"Brazil","admin1":"São Paulo","iso":"BR","pop":2791000,"rank":4,"minzoom":5.6,"capital":0},"geometry":{"type":"Point","coordinates":[-47.0559,-22.9079]}},{"type":"Feature","properties":{"name":"Sorocaba","country":"Brazil","admin1":"São Paulo","iso":"BR","pop":563281,"rank":4,"minzoom":5.6,"capital":0},"geometry":{"type":"Point","coordinates":[-47.47,-23.49]}},{"type":"Feature","properties":{"name":"Ribeirão Preto","country":"Brazil","admin1":"São Paulo","iso":"BR","pop":551267,"rank":4,"minzoom":5.6,"capital":0},"geometry":{"type":"Point","coordinates":[-47.83,-21.17]}},{"type":"Feature","properties":{"name":"Petrolina","country":"Brazil","admin1":"Pernambuco","iso":"BR","pop":260985,"rank":4,"minzoom":5.6,"capital":0},"geometry":{"type":"Point","coordinates":[-40.51,-9.38]}},{"type":"Feature","properties":{"name":"Bamenda","country":"Cameroon","admin1":"Nord-Ouest","iso":"CM","pop":445299,"rank":4,"minzoom":5.6,"capital":0},"geometry":{"type":"Point","coordinates":[10.15,5.96]}},{"type":"Feature","properties":{"name":"Garoua","country":"Cameroon","admin1":"Nord","iso":"CM","pop":436899,"rank":4,"minzoom":5.6,"capital":0},"geometry":{"type":"Point","coordinates":[13.39,9.3]}},{"type":"Feature","properties":{"name":"Herat","country":"Afghanistan","admin1":"Hirat","iso":"AF","pop":481009,"rank":4,"minzoom":5.1,"capital":0},"geometry":{"type":"Point","coordinates":[62.17,34.33]}},{"type":"Feature","properties":{"name":"Mazar-i-Sharif","country":"Afghanistan","admin1":"Balkh","iso":"AF","pop":458151,"rank":4,"minzoom":5.1,"capital":0},"geometry":{"type":"Point","coordinates":[67.1,36.7]}},{"type":"Feature","properties":{"name":"Battambang","country":"Cambodia","admin1":"Batdâmbâng","iso":"KH","pop":154773,"rank":4,"minzoom":5.6,"capital":0},"geometry":{"type":"Point","coordinates":[103.2,13.1]}},{"type":"Feature","properties":{"name":"Siem Reap","country":"Cambodia","admin1":"Siemréab","iso":"KH","pop":109398,"rank":4,"minzoom":5.6,"capital":0},"geometry":{"type":"Point","coordinates":[103.85,13.3666]}},{"type":"Feature","properties":{"name":"Malanje","country":"Angola","admin1":"Malanje","iso":"AO","pop":125856,"rank":4,"minzoom":5.6,"capital":0},"geometry":{"type":"Point","coordinates":[16.34,-9.54]}},{"type":"Feature","properties":{"name":"Benguela","country":"Angola","admin1":"Benguela","iso":"AO","pop":151226,"rank":4,"minzoom":5.6,"capital":0},"geometry":{"type":"Point","coordinates":[13.4072,-12.5783]}},{"type":"Feature","properties":{"name":"Lubango","country":"Angola","admin1":"Huíla","iso":"AO","pop":125632,"rank":4,"minzoom":5.6,"capital":0},"geometry":{"type":"Point","coordinates":[13.49,-14.91]}},{"type":"Feature","properties":{"name":"Moçâmedes","country":"Angola","admin1":"Namibe","iso":"AO","pop":132900,"rank":4,"minzoom":5.6,"capital":0},"geometry":{"type":"Point","coordinates":[12.16,-15.19]}},{"type":"Feature","properties":{"name":"Tarija","country":"Bolivia","admin1":"Tarija","iso":"BO","pop":159269,"rank":4,"minzoom":5.6,"capital":0},"geometry":{"type":"Point","coordinates":[-64.75,-21.5167]}},{"type":"Feature","properties":{"name":"Bridgetown","country":"Barbados","admin1":"Saint Michael","iso":"BB","pop":191152,"rank":4,"minzoom":5.6,"capital":1},"geometry":{"type":"Point","coordinates":[-59.6165,13.102]}},{"type":"Feature","properties":{"name":"Annaba","country":"Algeria","admin1":"Annaba","iso":"DZ","pop":503524,"rank":4,"minzoom":5.6,"capital":0},"geometry":{"type":"Point","coordinates":[7.76,36.92]}},{"type":"Feature","properties":{"name":"Parakou","country":"Benin","admin1":"Borgou","iso":"BJ","pop":188853,"rank":4,"minzoom":5.6,"capital":0},"geometry":{"type":"Point","coordinates":[2.62,9.34]}},{"type":"Feature","properties":{"name":"Porto-Novo","country":"Benin","admin1":"Ouémé","iso":"BJ","pop":300000,"rank":4,"minzoom":5.6,"capital":0},"geometry":{"type":"Point","coordinates":[2.6166,6.4833]}},{"type":"Feature","properties":{"name":"Constantine","country":"Algeria","admin1":"Constantine","iso":"DZ","pop":605179,"rank":4,"minzoom":5.6,"capital":0},"geometry":{"type":"Point","coordinates":[6.5999,36.36]}},{"type":"Feature","properties":{"name":"Brest","country":"Belarus","admin1":"Brest","iso":"BY","pop":300715,"rank":4,"minzoom":5.1,"capital":0},"geometry":{"type":"Point","coordinates":[23.7,52.1]}},{"type":"Feature","properties":{"name":"Khulna","country":"Bangladesh","admin1":"Khulna","iso":"BD","pop":1553000,"rank":4,"minzoom":5.6,"capital":0},"geometry":{"type":"Point","coordinates":[89.5581,22.8419]}},{"type":"Feature","properties":{"name":"Francistown","country":"Botswana","admin1":"Central","iso":"BW","pop":89979,"rank":4,"minzoom":5.6,"capital":0},"geometry":{"type":"Point","coordinates":[27.5,-21.17]}},{"type":"Feature","properties":{"name":"Mahalapye","country":"Botswana","admin1":"Central","iso":"BW","pop":50744,"rank":4,"minzoom":5.6,"capital":0},"geometry":{"type":"Point","coordinates":[26.82,-23.1]}},{"type":"Feature","properties":{"name":"Serowe","country":"Botswana","admin1":"Central","iso":"BW","pop":48573,"rank":4,"minzoom":5.6,"capital":0},"geometry":{"type":"Point","coordinates":[26.71,-22.39]}},{"type":"Feature","properties":{"name":"Katherine","country":"Australia","admin1":"Northern Territory","iso":"AU","pop":10141,"rank":4,"minzoom":5.6,"capital":0},"geometry":{"type":"Point","coordinates":[132.2666,-14.4666]}},{"type":"Feature","properties":{"name":"Busselton","country":"Australia","admin1":"Western Australia","iso":"AU","pop":10214,"rank":4,"minzoom":5.6,"capital":0},"geometry":{"type":"Point","coordinates":[115.3487,-33.6564]}},{"type":"Feature","properties":{"name":"Mandurah","country":"Australia","admin1":"Western Australia","iso":"AU","pop":73356,"rank":4,"minzoom":5.6,"capital":0},"geometry":{"type":"Point","coordinates":[115.7471,-32.5235]}},{"type":"Feature","properties":{"name":"Broome","country":"Australia","admin1":"Western Australia","iso":"AU","pop":13218,"rank":4,"minzoom":5,"capital":0},"geometry":{"type":"Point","coordinates":[122.2308,-17.9618]}},{"type":"Feature","properties":{"name":"Kalgoorlie","country":"Australia","admin1":"Western Australia","iso":"AU","pop":36852,"rank":4,"minzoom":5.1,"capital":0},"geometry":{"type":"Point","coordinates":[121.46,-30.7354]}},{"type":"Feature","properties":{"name":"Albany","country":"Australia","admin1":"Western Australia","iso":"AU","pop":26445,"rank":4,"minzoom":5,"capital":0},"geometry":{"type":"Point","coordinates":[117.8916,-35.0169]}},{"type":"Feature","properties":{"name":"Port Hedland","country":"Australia","admin1":"Western Australia","iso":"AU","pop":14288,"rank":4,"minzoom":5.1,"capital":0},"geometry":{"type":"Point","coordinates":[118.606,-20.3104]}},{"type":"Feature","properties":{"name":"Karratha","country":"Australia","admin1":"Western Australia","iso":"AU","pop":16796,"rank":4,"minzoom":5.6,"capital":0},"geometry":{"type":"Point","coordinates":[116.87,-20.7304]}},{"type":"Feature","properties":{"name":"Geraldton","country":"Australia","admin1":"Western Australia","iso":"AU","pop":27258,"rank":4,"minzoom":5,"capital":0},"geometry":{"type":"Point","coordinates":[114.6,-28.7666]}},{"type":"Feature","properties":{"name":"Griffith","country":"Australia","admin1":"New South Wales","iso":"AU","pop":15455,"rank":4,"minzoom":5,"capital":0},"geometry":{"type":"Point","coordinates":[146.04,-34.29]}},{"type":"Feature","properties":{"name":"Orange","country":"Australia","admin1":"New South Wales","iso":"AU","pop":39329,"rank":4,"minzoom":5.6,"capital":0},"geometry":{"type":"Point","coordinates":[149.1,-33.28]}},{"type":"Feature","properties":{"name":"Dubbo","country":"Australia","admin1":"New South Wales","iso":"AU","pop":31574,"rank":4,"minzoom":5,"capital":0},"geometry":{"type":"Point","coordinates":[148.5973,-32.26]}},{"type":"Feature","properties":{"name":"Armidale","country":"Australia","admin1":"New South Wales","iso":"AU","pop":22673,"rank":4,"minzoom":5.6,"capital":0},"geometry":{"type":"Point","coordinates":[151.6675,-30.5123]}},{"type":"Feature","properties":{"name":"Broken Hill","country":"Australia","admin1":"New South Wales","iso":"AU","pop":17395,"rank":4,"minzoom":5.1,"capital":0},"geometry":{"type":"Point","coordinates":[141.4331,-31.95]}},{"type":"Feature","properties":{"name":"Port Lincoln","country":"Australia","admin1":"South Australia","iso":"AU","pop":13630,"rank":4,"minzoom":5.6,"capital":0},"geometry":{"type":"Point","coordinates":[135.8666,-34.7332]}},{"type":"Feature","properties":{"name":"Whyalla","country":"Australia","admin1":"South Australia","iso":"AU","pop":22559,"rank":4,"minzoom":5,"capital":0},"geometry":{"type":"Point","coordinates":[137.5614,-33.025]}},{"type":"Feature","properties":{"name":"Portland","country":"Australia","admin1":"Victoria","iso":"AU","pop":11808,"rank":4,"minzoom":5,"capital":0},"geometry":{"type":"Point","coordinates":[141.59,-38.34]}},{"type":"Feature","properties":{"name":"Bendigo","country":"Australia","admin1":"Victoria","iso":"AU","pop":81657,"rank":4,"minzoom":5.6,"capital":0},"geometry":{"type":"Point","coordinates":[144.28,-36.76]}},{"type":"Feature","properties":{"name":"Wangaratta","country":"Australia","admin1":"Victoria","iso":"AU","pop":14022,"rank":4,"minzoom":5.6,"capital":0},"geometry":{"type":"Point","coordinates":[146.3,-36.36]}},{"type":"Feature","properties":{"name":"Windorah","country":"Australia","admin1":"Queensland","iso":"AU","pop":158,"rank":4,"minzoom":5,"capital":0},"geometry":{"type":"Point","coordinates":[142.6502,-25.4332]}},{"type":"Feature","properties":{"name":"Mount Isa","country":"Australia","admin1":"Queensland","iso":"AU","pop":33200,"rank":4,"minzoom":5.1,"capital":0},"geometry":{"type":"Point","coordinates":[139.49,-20.7239]}},{"type":"Feature","properties":{"name":"Rockhampton","country":"Australia","admin1":"Queensland","iso":"AU","pop":65850,"rank":4,"minzoom":5.6,"capital":0},"geometry":{"type":"Point","coordinates":[150.52,-23.3639]}},{"type":"Feature","properties":{"name":"Cairns","country":"Australia","admin1":"Queensland","iso":"AU","pop":154225,"rank":4,"minzoom":5,"capital":0},"geometry":{"type":"Point","coordinates":[145.7633,-16.8878]}},{"type":"Feature","properties":{"name":"Gold Coast","country":"Australia","admin1":"Queensland","iso":"AU","pop":527660,"rank":4,"minzoom":5,"capital":0},"geometry":{"type":"Point","coordinates":[153.4482,-28.0815]}},{"type":"Feature","properties":{"name":"Devonport","country":"Australia","admin1":"Tasmania","iso":"AU","pop":19317,"rank":4,"minzoom":5.6,"capital":0},"geometry":{"type":"Point","coordinates":[146.3311,-41.1927]}},{"type":"Feature","properties":{"name":"Bobo Dioulasso","country":"Burkina Faso","admin1":"Houet","iso":"BF","pop":360106,"rank":4,"minzoom":5.6,"capital":0},"geometry":{"type":"Point","coordinates":[-4.29,11.18]}},{"type":"Feature","properties":{"name":"Rajshahi","country":"Bangladesh","admin1":"Rajshahi","iso":"BD","pop":810000,"rank":4,"minzoom":5.6,"capital":0},"geometry":{"type":"Point","coordinates":[88.6031,24.3769]}},{"type":"Feature","properties":{"name":"Mandalay","country":"Myanmar","admin1":"Mandalay","iso":"MM","pop":1300000,"rank":4,"minzoom":5.6,"capital":0},"geometry":{"type":"Point","coordinates":[96.0831,21.9719]}},{"type":"Feature","properties":{"name":"Sittwe","country":"Myanmar","admin1":"Rakhine","iso":"MM","pop":179032,"rank":4,"minzoom":5.6,"capital":0},"geometry":{"type":"Point","coordinates":[92.88,20.14]}},{"type":"Feature","properties":{"name":"Bujumbura","country":"Burundi","admin1":"Bujumbura Mairie","iso":"BI","pop":331700,"rank":4,"minzoom":5.6,"capital":1},"geometry":{"type":"Point","coordinates":[29.36,-3.3761]}},{"type":"Feature","properties":{"name":"Pago Pago","country":"American Samoa","admin1":null,"iso":"AS","pop":12576,"rank":4,"minzoom":5.6,"capital":0},"geometry":{"type":"Point","coordinates":[-170.7066,-14.2766]}},{"type":"Feature","properties":{"name":"Kingstown","country":"Saint Vincent and the Grenadines","admin1":null,"iso":"VC","pop":49485,"rank":4,"minzoom":5.1,"capital":1},"geometry":{"type":"Point","coordinates":[-61.2202,13.1558]}},{"type":"Feature","properties":{"name":"Castries","country":"Saint Lucia","admin1":null,"iso":"LC","pop":37963,"rank":4,"minzoom":5.6,"capital":1},"geometry":{"type":"Point","coordinates":[-60.9929,14.0079]}},{"type":"Feature","properties":{"name":"Basseterre","country":"Saint Kitts and Nevis","admin1":null,"iso":"KN","pop":21887,"rank":4,"minzoom":5.6,"capital":1},"geometry":{"type":"Point","coordinates":[-62.717,17.302]}},{"type":"Feature","properties":{"name":"Las Palmas","country":"Spain","admin1":null,"iso":"ES","pop":378495,"rank":4,"minzoom":5.1,"capital":0},"geometry":{"type":"Point","coordinates":[-15.43,28.1]}},{"type":"Feature","properties":{"name":"Berbera","country":"Somaliland","admin1":null,"iso":"-99","pop":242344,"rank":4,"minzoom":5.6,"capital":0},"geometry":{"type":"Point","coordinates":[45.0164,10.4355]}},{"type":"Feature","properties":{"name":"Port Louis","country":"Mauritius","admin1":null,"iso":"MU","pop":595491,"rank":4,"minzoom":5.6,"capital":1},"geometry":{"type":"Point","coordinates":[57.5,-20.1666]}},{"type":"Feature","properties":{"name":"Gaza City","country":"Palestine","admin1":null,"iso":"PS","pop":505700,"rank":4,"minzoom":5.6,"capital":0},"geometry":{"type":"Point","coordinates":[34.445,31.53]}},{"type":"Feature","properties":{"name":"Saint George's","country":"Grenada","admin1":null,"iso":"GD","pop":33734,"rank":4,"minzoom":5.1,"capital":1},"geometry":{"type":"Point","coordinates":[-61.7416,12.0526]}},{"type":"Feature","properties":{"name":"Papeete","country":"French Polynesia","admin1":null,"iso":"PF","pop":131695,"rank":4,"minzoom":5.6,"capital":0},"geometry":{"type":"Point","coordinates":[-149.5667,-17.5334]}},{"type":"Feature","properties":{"name":"Manama","country":"Bahrain","admin1":null,"iso":"BH","pop":563920,"rank":4,"minzoom":5.6,"capital":1},"geometry":{"type":"Point","coordinates":[50.5831,26.2361]}},{"type":"Feature","properties":{"name":"Freeport","country":"The Bahamas","admin1":null,"iso":"BS","pop":25383,"rank":4,"minzoom":5.6,"capital":0},"geometry":{"type":"Point","coordinates":[-78.7,26.5333]}},{"type":"Feature","properties":{"name":"Saint John's","country":"Antigua and Barbuda","admin1":null,"iso":"AG","pop":35499,"rank":4,"minzoom":5.1,"capital":1},"geometry":{"type":"Point","coordinates":[-61.85,17.118]}},{"type":"Feature","properties":{"name":"Taichung","country":"Taiwan","admin1":"Taichung City","iso":"TW","pop":2629323,"rank":4,"minzoom":5.6,"capital":0},"geometry":{"type":"Point","coordinates":[120.6817,24.1521]}},{"type":"Feature","properties":{"name":"Napier","country":"New Zealand","admin1":"Gisborne","iso":"NZ","pop":57800,"rank":4,"minzoom":5,"capital":0},"geometry":{"type":"Point","coordinates":[176.9265,-39.49]}},{"type":"Feature","properties":{"name":"Manukau","country":"New Zealand","admin1":"Auckland","iso":"NZ","pop":375600,"rank":4,"minzoom":5.6,"capital":0},"geometry":{"type":"Point","coordinates":[174.885,-37.0]}},{"type":"Feature","properties":{"name":"Hamilton","country":"New Zealand","admin1":"Waikato","iso":"NZ","pop":148200,"rank":4,"minzoom":5,"capital":0},"geometry":{"type":"Point","coordinates":[175.2896,-37.7783]}},{"type":"Feature","properties":{"name":"Blenheim","country":"New Zealand","admin1":"Marlborough","iso":"NZ","pop":30300,"rank":4,"minzoom":5,"capital":0},"geometry":{"type":"Point","coordinates":[173.955,-41.5135]}},{"type":"Feature","properties":{"name":"Dunedin","country":"New Zealand","admin1":"Otago","iso":"NZ","pop":117700,"rank":4,"minzoom":5,"capital":0},"geometry":{"type":"Point","coordinates":[170.491,-45.8854]}},{"type":"Feature","properties":{"name":"Leh","country":"India","admin1":"Ladakh","iso":"IN","pop":30870,"rank":4,"minzoom":5.6,"capital":0},"geometry":{"type":"Point","coordinates":[77.5723,34.1616]}},{"type":"Feature","properties":{"name":"Amaravati","country":"India","admin1":"Andhra Pradesh","iso":"IN","pop":5800000,"rank":4,"minzoom":5.6,"capital":0},"geometry":{"type":"Point","coordinates":[80.5243,16.5337]}},{"type":"Feature","properties":{"name":"Kozhikode","country":"India","admin1":"Kerala","iso":"IN","pop":953000,"rank":3,"minzoom":5,"capital":0},"geometry":{"type":"Point","coordinates":[75.768,11.2524]}},{"type":"Feature","properties":{"name":"Bhubaneswar","country":"India","admin1":"Orissa","iso":"IN","pop":844000,"rank":3,"minzoom":5,"capital":0},"geometry":{"type":"Point","coordinates":[85.8254,20.2724]}},{"type":"Feature","properties":{"name":"Jamshedpur","country":"India","admin1":"Jharkhand","iso":"IN","pop":1300000,"rank":3,"minzoom":5,"capital":0},"geometry":{"type":"Point","coordinates":[86.1956,22.7895]}},{"type":"Feature","properties":{"name":"Montevideo","country":"Uruguay","admin1":"Montevideo","iso":"UY","pop":1513000,"rank":3,"minzoom":4,"capital":1},"geometry":{"type":"Point","coordinates":[-56.1868,-34.9054]}},{"type":"Feature","properties":{"name":"Helena","country":"United States of America","admin1":"Montana","iso":"US","pop":38725,"rank":3,"minzoom":5,"capital":0},"geometry":{"type":"Point","coordinates":[-112.0353,46.5927]}},{"type":"Feature","properties":{"name":"Bismarck","country":"United States of America","admin1":"North Dakota","iso":"US","pop":63871,"rank":3,"minzoom":5,"capital":0},"geometry":{"type":"Point","coordinates":[-100.7833,46.8083]}},{"type":"Feature","properties":{"name":"Boise","country":"United States of America","admin1":"Idaho","iso":"US","pop":338071,"rank":3,"minzoom":5,"capital":0},"geometry":{"type":"Point","coordinates":[-116.2275,43.6086]}},{"type":"Feature","properties":{"name":"San Jose","country":"United States of America","admin1":"California","iso":"US","pop":1668000,"rank":3,"minzoom":5,"capital":0},"geometry":{"type":"Point","coordinates":[-121.8882,37.3309]}},{"type":"Feature","properties":{"name":"Sacramento","country":"United States of America","admin1":"California","iso":"US","pop":1604000,"rank":3,"minzoom":5,"capital":0},"geometry":{"type":"Point","coordinates":[-121.472,38.577]}},{"type":"Feature","properties":{"name":"Las Vegas","country":"United States of America","admin1":"Nevada","iso":"US","pop":1823000,"rank":3,"minzoom":5,"capital":0},"geometry":{"type":"Point","coordinates":[-115.1514,36.1648]}},{"type":"Feature","properties":{"name":"Santa Fe","country":"United States of America","admin1":"New Mexico","iso":"US","pop":92681,"rank":3,"minzoom":5,"capital":0},"geometry":{"type":"Point","coordinates":[-105.9372,35.6869]}},{"type":"Feature","properties":{"name":"Portland","country":"United States of America","admin1":"Oregon","iso":"US","pop":1875000,"rank":3,"minzoom":4,"capital":0},"geometry":{"type":"Point","coordinates":[-122.6819,45.522]}},{"type":"Feature","properties":{"name":"Salt Lake City","country":"United States of America","admin1":"Utah","iso":"US","pop":966000,"rank":3,"minzoom":4,"capital":0},"geometry":{"type":"Point","coordinates":[-111.932,40.777]}},{"type":"Feature","properties":{"name":"Cheyenne","country":"United States of America","admin1":"Wyoming","iso":"US","pop":72927,"rank":3,"minzoom":5,"capital":0},"geometry":{"type":"Point","coordinates":[-104.8197,41.14]}},{"type":"Feature","properties":{"name":"Des Moines","country":"United States of America","admin1":"Iowa","iso":"US","pop":380655,"rank":3,"minzoom":5,"capital":0},"geometry":{"type":"Point","coordinates":[-93.62,41.58]}},{"type":"Feature","properties":{"name":"Omaha","country":"United States of America","admin1":"Nebraska","iso":"US","pop":877110,"rank":3,"minzoom":5,"capital":0},"geometry":{"type":"Point","coordinates":[-96.01,41.24]}},{"type":"Feature","properties":{"name":"Oklahoma City","country":"United States of America","admin1":"Oklahoma","iso":"US","pop":788000,"rank":3,"minzoom":5,"capital":0},"geometry":{"type":"Point","coordinates":[-97.5206,35.472]}},{"type":"Feature","properties":{"name":"Pierre","country":"United States of America","admin1":"South Dakota","iso":"US","pop":13879,"rank":3,"minzoom":5,"capital":0},"geometry":{"type":"Point","coordinates":[-100.3506,44.3683]}},{"type":"Feature","properties":{"name":"San Antonio","country":"United States of America","admin1":"Texas","iso":"US","pop":1473000,"rank":3,"minzoom":5,"capital":0},"geometry":{"type":"Point","coordinates":[-98.4927,29.4198]}},{"type":"Feature","properties":{"name":"San Cristóbal","country":"Venezuela","admin1":"Táchira","iso":"VE","pop":438798,"rank":3,"minzoom":5,"capital":0},"geometry":{"type":"Point","coordinates":[-72.25,7.77]}},{"type":"Feature","properties":{"name":"Valencia","country":"Venezuela","admin1":"Carabobo","iso":"VE","pop":1770000,"rank":3,"minzoom":5,"capital":0},"geometry":{"type":"Point","coordinates":[-67.982,10.2319]}},{"type":"Feature","properties":{"name":"Jackson","country":"United States of America","admin1":"Mississippi","iso":"US","pop":250902,"rank":3,"minzoom":5,"capital":0},"geometry":{"type":"Point","coordinates":[-90.185,32.2988]}},{"type":"Feature","properties":{"name":"Raleigh","country":"United States of America","admin1":"North Carolina","iso":"US","pop":1163515,"rank":3,"minzoom":5,"capital":0},"geometry":{"type":"Point","coordinates":[-78.647,35.7727]}},{"type":"Feature","properties":{"name":"Cleveland","country":"United States of America","admin1":"Ohio","iso":"US","pop":1890000,"rank":3,"minzoom":5,"capital":0},"geometry":{"type":"Point","coordinates":[-81.6969,41.4719]}},{"type":"Feature","properties":{"name":"Cincinnati","country":"United States of America","admin1":"Ohio","iso":"US","pop":1636000,"rank":3,"minzoom":5,"capital":0},"geometry":{"type":"Point","coordinates":[-84.4589,39.1638]}},{"type":"Feature","properties":{"name":"Nashville","country":"United States of America","admin1":"Tennessee","iso":"US","pop":877000,"rank":3,"minzoom":5,"capital":0},"geometry":{"type":"Point","coordinates":[-86.7819,36.1719]}},{"type":"Feature","properties":{"name":"Memphis","country":"United States of America","admin1":"Tennessee","iso":"US","pop":1081000,"rank":3,"minzoom":5,"capital":0},"geometry":{"type":"Point","coordinates":[-90.0288,35.1447]}},{"type":"Feature","properties":{"name":"Norfolk","country":"United States of America","admin1":"Virginia","iso":"US","pop":1047869,"rank":3,"minzoom":5.7,"capital":0},"geometry":{"type":"Point","coordinates":[-76.28,36.85]}},{"type":"Feature","properties":{"name":"Milwaukee","country":"United States of America","admin1":"Wisconsin","iso":"US","pop":1388000,"rank":3,"minzoom":5,"capital":0},"geometry":{"type":"Point","coordinates":[-87.9167,43.0296]}},{"type":"Feature","properties":{"name":"Buffalo","country":"United States of America","admin1":"New York","iso":"US","pop":1016000,"rank":3,"minzoom":5,"capital":0},"geometry":{"type":"Point","coordinates":[-78.8819,42.8819]}},{"type":"Feature","properties":{"name":"Pittsburgh","country":"United States of America","admin1":"Pennsylvania","iso":"US","pop":1838000,"rank":3,"minzoom":5,"capital":0},"geometry":{"type":"Point","coordinates":[-80.0019,40.4319]}},{"type":"Feature","properties":{"name":"Ciudad Guayana","country":"Venezuela","admin1":"Bolívar","iso":"VE","pop":746535,"rank":3,"minzoom":5,"capital":0},"geometry":{"type":"Point","coordinates":[-62.62,8.37]}},{"type":"Feature","properties":{"name":"Lomé","country":"Togo","admin1":"Maritime","iso":"TG","pop":1452000,"rank":3,"minzoom":5,"capital":1},"geometry":{"type":"Point","coordinates":[1.2208,6.1339]}},{"type":"Feature","properties":{"name":"Tunis","country":"Tunisia","admin1":"Tunis","iso":"TN","pop":2412500,"rank":3,"minzoom":5,"capital":1},"geometry":{"type":"Point","coordinates":[10.1797,36.8028]}},{"type":"Feature","properties":{"name":"Kodiak","country":"United States of America","admin1":"Alaska","iso":"US","pop":9461,"rank":3,"minzoom":5,"capital":0},"geometry":{"type":"Point","coordinates":[-152.407,57.79]}},{"type":"Feature","properties":{"name":"Cold Bay","country":"United States of America","admin1":"Alaska","iso":"US","pop":200,"rank":3,"minzoom":5,"capital":0},"geometry":{"type":"Point","coordinates":[-162.7151,55.2]}},{"type":"Feature","properties":{"name":"Bethel","country":"United States of America","admin1":"Alaska","iso":"US","pop":6228,"rank":3,"minzoom":5,"capital":0},"geometry":{"type":"Point","coordinates":[-161.7558,60.7933]}},{"type":"Feature","properties":{"name":"Point Hope","country":"United States of America","admin1":"Alaska","iso":"US","pop":461,"rank":3,"minzoom":5,"capital":0},"geometry":{"type":"Point","coordinates":[-166.808,68.3477]}},{"type":"Feature","properties":{"name":"Utqiaġvik","country":"United States of America","admin1":"Alaska","iso":"US","pop":4336,"rank":3,"minzoom":5,"capital":0},"geometry":{"type":"Point","coordinates":[-156.7886,71.2906]}},{"type":"Feature","properties":{"name":"Nome","country":"United States of America","admin1":"Alaska","iso":"US","pop":3485,"rank":3,"minzoom":4,"capital":0},"geometry":{"type":"Point","coordinates":[-165.4064,64.5061]}},{"type":"Feature","properties":{"name":"Valdez","country":"United States of America","admin1":"Alaska","iso":"US","pop":4036,"rank":3,"minzoom":5,"capital":0},"geometry":{"type":"Point","coordinates":[-146.3483,61.136]}},{"type":"Feature","properties":{"name":"Juneau","country":"United States of America","admin1":"Alaska","iso":"US","pop":30711,"rank":3,"minzoom":4,"capital":0},"geometry":{"type":"Point","coordinates":[-134.4007,58.3034]}},{"type":"Feature","properties":{"name":"Fairbanks","country":"United States of America","admin1":"Alaska","iso":"US","pop":56993,"rank":3,"minzoom":4,"capital":0},"geometry":{"type":"Point","coordinates":[-147.7107,64.837]}},{"type":"Feature","properties":{"name":"Prudhoe Bay","country":"United States of America","admin1":"Alaska","iso":"US","pop":2500,"rank":3,"minzoom":3.7,"capital":0},"geometry":{"type":"Point","coordinates":[-148.6694,70.2922]}},{"type":"Feature","properties":{"name":"Sevastopol","country":"Russia","admin1":"Crimea","iso":"RU","pop":379200,"rank":3,"minzoom":4,"capital":0},"geometry":{"type":"Point","coordinates":[33.5244,44.6039]}},{"type":"Feature","properties":{"name":"Abu Dhabi","country":"United Arab Emirates","admin1":"Abu Dhabi","iso":"AE","pop":603492,"rank":3,"minzoom":5,"capital":1},"geometry":{"type":"Point","coordinates":[54.3666,24.4667]}},{"type":"Feature","properties":{"name":"Ashgabat","country":"Turkmenistan","admin1":"Ahal","iso":"TM","pop":727700,"rank":3,"minzoom":5,"capital":1},"geometry":{"type":"Point","coordinates":[58.3833,37.95]}},{"type":"Feature","properties":{"name":"Samarkand","country":"Uzbekistan","admin1":"Samarkand","iso":"UZ","pop":708000,"rank":3,"minzoom":5,"capital":0},"geometry":{"type":"Point","coordinates":[66.945,39.67]}},{"type":"Feature","properties":{"name":"Lusaka","country":"Zambia","admin1":"Lusaka","iso":"ZM","pop":1328000,"rank":3,"minzoom":4,"capital":1},"geometry":{"type":"Point","coordinates":[28.2814,-15.4147]}},{"type":"Feature","properties":{"name":"Harare","country":"Zimbabwe","admin1":"Harare","iso":"ZW","pop":1572000,"rank":3,"minzoom":4,"capital":1},"geometry":{"type":"Point","coordinates":[31.0428,-17.8158]}},{"type":"Feature","properties":{"name":"Bulawayo","country":"Zimbabwe","admin1":"Bulawayo","iso":"ZW","pop":699385,"rank":3,"minzoom":5,"capital":0},"geometry":{"type":"Point","coordinates":[28.58,-20.17]}},{"type":"Feature","properties":{"name":"Dili","country":"East Timor","admin1":"Dili","iso":"TL","pop":234331,"rank":3,"minzoom":5,"capital":1},"geometry":{"type":"Point","coordinates":[125.5795,-8.5594]}},{"type":"Feature","properties":{"name":"Port Vila","country":"Vanuatu","admin1":"Shefa","iso":"VU","pop":44040,"rank":3,"minzoom":4,"capital":1},"geometry":{"type":"Point","coordinates":[168.3166,-17.7334]}},{"type":"Feature","properties":{"name":"Tegucigalpa","country":"Honduras","admin1":"Francisco Morazán","iso":"HN","pop":946000,"rank":3,"minzoom":5,"capital":1},"geometry":{"type":"Point","coordinates":[-87.2195,14.104]}},{"type":"Feature","properties":{"name":"Georgetown","country":"Guyana","admin1":"East Berbice-Corentyne","iso":"GY","pop":264350,"rank":3,"minzoom":4,"capital":1},"geometry":{"type":"Point","coordinates":[-58.167,6.802]}},{"type":"Feature","properties":{"name":"Reykjavík","country":"Iceland","admin1":"Suðurnes","iso":"IS","pop":166212,"rank":3,"minzoom":3.7,"capital":1},"geometry":{"type":"Point","coordinates":[-21.9365,64.1435]}},{"type":"Feature","properties":{"name":"Port-au-Prince","country":"Haiti","admin1":"Ouest","iso":"HT","pop":1998000,"rank":3,"minzoom":5,"capital":1},"geometry":{"type":"Point","coordinates":[-72.338,18.543]}},{"type":"Feature","properties":{"name":"Glasgow","country":"United Kingdom","admin1":"Glasgow","iso":"GB","pop":1160000,"rank":3,"minzoom":4,"capital":0},"geometry":{"type":"Point","coordinates":[-4.2391,55.8623]}},{"type":"Feature","properties":{"name":"Kampala","country":"Uganda","admin1":"Kampala","iso":"UG","pop":1420000,"rank":3,"minzoom":5,"capital":1},"geometry":{"type":"Point","coordinates":[32.5814,0.3186]}},{"type":"Feature","properties":{"name":"Aden","country":"Yemen","admin1":"`Adan","iso":"YE","pop":1000000,"rank":3,"minzoom":5,"capital":0},"geometry":{"type":"Point","coordinates":[45.0095,12.7797]}},{"type":"Feature","properties":{"name":"Paramaribo","country":"Suriname","admin1":"Paramaribo","iso":"SR","pop":254169,"rank":3,"minzoom":5,"capital":1},"geometry":{"type":"Point","coordinates":[-55.167,5.835]}},{"type":"Feature","properties":{"name":"Seville","country":"Spain","admin1":"Andalucía","iso":"ES","pop":1212045,"rank":3,"minzoom":5,"capital":0},"geometry":{"type":"Point","coordinates":[-5.98,37.405]}},{"type":"Feature","properties":{"name":"Zinder","country":"Niger","admin1":"Zinder","iso":"NE","pop":230358,"rank":3,"minzoom":5,"capital":0},"geometry":{"type":"Point","coordinates":[8.9833,13.8]}},{"type":"Feature","properties":{"name":"Niamey","country":"Niger","admin1":"Niamey","iso":"NE","pop":915000,"rank":3,"minzoom":5,"capital":1},"geometry":{"type":"Point","coordinates":[2.1147,13.5187]}},{"type":"Feature","properties":{"name":"Port Sudan","country":"Sudan","admin1":"Red Sea","iso":"SD","pop":489725,"rank":3,"minzoom":5,"capital":0},"geometry":{"type":"Point","coordinates":[37.2164,19.6158]}},{"type":"Feature","properties":{"name":"Dushanbe","country":"Tajikistan","admin1":"Tadzhikistan Territories","iso":"TJ","pop":1086244,"rank":3,"minzoom":5,"capital":1},"geometry":{"type":"Point","coordinates":[68.7739,38.56]}},{"type":"Feature","properties":{"name":"Cusco","country":"Peru","admin1":"Cusco","iso":"PE","pop":361182,"rank":3,"minzoom":4,"capital":0},"geometry":{"type":"Point","coordinates":[-71.9722,-13.525]}},{"type":"Feature","properties":{"name":"Tacna","country":"Peru","admin1":"Tacna","iso":"PE","pop":280098,"rank":3,"minzoom":5,"capital":0},"geometry":{"type":"Point","coordinates":[-70.25,-18.0]}},{"type":"Feature","properties":{"name":"Trujillo","country":"Peru","admin1":"La Libertad","iso":"PE","pop":765171,"rank":3,"minzoom":4,"capital":0},"geometry":{"type":"Point","coordinates":[-79.02,-8.12]}},{"type":"Feature","properties":{"name":"Ica","country":"Peru","admin1":"Ica","iso":"PE","pop":279420,"rank":3,"minzoom":5,"capital":0},"geometry":{"type":"Point","coordinates":[-75.7255,-14.068]}},{"type":"Feature","properties":{"name":"Asunción","country":"Paraguay","admin1":"Asunción","iso":"PY","pop":1870000,"rank":3,"minzoom":4,"capital":1},"geometry":{"type":"Point","coordinates":[-57.6258,-25.2907]}},{"type":"Feature","properties":{"name":"Managua","country":"Nicaragua","admin1":"Managua","iso":"NI","pop":920000,"rank":3,"minzoom":5,"capital":1},"geometry":{"type":"Point","coordinates":[-86.2704,12.155]}},{"type":"Feature","properties":{"name":"Freetown","country":"Sierra Leone","admin1":"Western","iso":"SL","pop":827000,"rank":3,"minzoom":5,"capital":1},"geometry":{"type":"Point","coordinates":[-13.2362,8.472]}},{"type":"Feature","properties":{"name":"Agadez","country":"Niger","admin1":"Agadez","iso":"NE","pop":117770,"rank":3,"minzoom":5,"capital":0},"geometry":{"type":"Point","coordinates":[7.9828,16.9959]}},{"type":"Feature","properties":{"name":"Nyala","country":"Sudan","admin1":"South Darfur","iso":"SD","pop":392373,"rank":3,"minzoom":5,"capital":0},"geometry":{"type":"Point","coordinates":[24.89,12.06]}},{"type":"Feature","properties":{"name":"Wau","country":"South Sudan","admin1":"West Bahr-al-Ghazal","iso":"SS","pop":127384,"rank":3,"minzoom":5,"capital":0},"geometry":{"type":"Point","coordinates":[27.99,7.7]}},{"type":"Feature","properties":{"name":"Dongola","country":"Sudan","admin1":"Northern","iso":"SD","pop":26404,"rank":3,"minzoom":5,"capital":0},"geometry":{"type":"Point","coordinates":[30.4833,19.1666]}},{"type":"Feature","properties":{"name":"Kassala","country":"Sudan","admin1":"Kassala","iso":"SD","pop":401477,"rank":3,"minzoom":5,"capital":0},"geometry":{"type":"Point","coordinates":[36.39,15.46]}},{"type":"Feature","properties":{"name":"Tromsø","country":"Norway","admin1":"Troms","iso":"NO","pop":52436,"rank":3,"minzoom":3.7,"capital":0},"geometry":{"type":"Point","coordinates":[18.992,69.6351]}},{"type":"Feature","properties":{"name":"Trondheim","country":"Norway","admin1":"Sør-Trøndelag","iso":"NO","pop":147139,"rank":3,"minzoom":4,"capital":0},"geometry":{"type":"Point","coordinates":[10.4167,63.4167]}},{"type":"Feature","properties":{"name":"Bergen","country":"Norway","admin1":"Hordaland","iso":"NO","pop":213585,"rank":3,"minzoom":5,"capital":0},"geometry":{"type":"Point","coordinates":[5.3245,60.391]}},{"type":"Feature","properties":{"name":"Islamabad","country":"Pakistan","admin1":"F.C.T.","iso":"PK","pop":780000,"rank":3,"minzoom":5,"capital":1},"geometry":{"type":"Point","coordinates":[73.0806,33.6894]}},{"type":"Feature","properties":{"name":"Multan","country":"Pakistan","admin1":"Punjab","iso":"PK","pop":1522000,"rank":3,"minzoom":5,"capital":0},"geometry":{"type":"Point","coordinates":[71.4531,30.2019]}},{"type":"Feature","properties":{"name":"Hyderabad","country":"Pakistan","admin1":"Sind","iso":"PK","pop":1459000,"rank":3,"minzoom":5,"capital":0},"geometry":{"type":"Point","coordinates":[68.373,25.3819]}},{"type":"Feature","properties":{"name":"Peshawar","country":"Pakistan","admin1":"N.W.F.P.","iso":"PK","pop":1303000,"rank":3,"minzoom":5,"capital":0},"geometry":{"type":"Point","coordinates":[71.5331,34.007]}},{"type":"Feature","properties":{"name":"Kathmandu","country":"Nepal","admin1":"Bhaktapur","iso":"NP","pop":895000,"rank":3,"minzoom":5,"capital":1},"geometry":{"type":"Point","coordinates":[85.3147,27.7186]}},{"type":"Feature","properties":{"name":"Nacala","country":"Mozambique","admin1":"Nampula","iso":"MZ","pop":224795,"rank":3,"minzoom":5,"capital":0},"geometry":{"type":"Point","coordinates":[40.715,-14.5186]}},{"type":"Feature","properties":{"name":"Bloemfontein","country":"South Africa","admin1":"Orange Free State","iso":"ZA","pop":463064,"rank":3,"minzoom":5,"capital":1},"geometry":{"type":"Point","coordinates":[26.2299,-29.12]}},{"type":"Feature","properties":{"name":"Pretoria","country":"South Africa","admin1":"Gauteng","iso":"ZA","pop":1338000,"rank":3,"minzoom":5,"capital":1},"geometry":{"type":"Point","coordinates":[28.2275,-25.705]}},{"type":"Feature","properties":{"name":"Port Moresby","country":"Papua New Guinea","admin1":"Central","iso":"PG","pop":283733,"rank":3,"minzoom":4,"capital":1},"geometry":{"type":"Point","coordinates":[147.1925,-9.4647]}},{"type":"Feature","properties":{"name":"Honiara","country":"Solomon Islands","admin1":"Guadalcanal","iso":"SB","pop":76328,"rank":3,"minzoom":5,"capital":1},"geometry":{"type":"Point","coordinates":[159.9498,-9.438]}},{"type":"Feature","properties":{"name":"Panama City","country":"Panama","admin1":"Panama","iso":"PA","pop":1281000,"rank":3,"minzoom":5,"capital":1},"geometry":{"type":"Point","coordinates":[-79.535,8.97]}},{"type":"Feature","properties":{"name":"Fez","country":"Morocco","admin1":"Fès - Boulemane","iso":"MA","pop":1002000,"rank":3,"minzoom":5,"capital":0},"geometry":{"type":"Point","coordinates":[-5.0023,34.0565]}},{"type":"Feature","properties":{"name":"Rabat","country":"Morocco","admin1":"Rabat - Salé - Zemmour - Zaer","iso":"MA","pop":1705000,"rank":3,"minzoom":5,"capital":1},"geometry":{"type":"Point","coordinates":[-6.8364,34.0253]}},{"type":"Feature","properties":{"name":"Marrakesh","country":"Morocco","admin1":"Marrakech - Tensift - Al Haouz","iso":"MA","pop":872000,"rank":3,"minzoom":5,"capital":0},"geometry":{"type":"Point","coordinates":[-8.0019,31.6319]}},{"type":"Feature","properties":{"name":"Chișinău","country":"Moldova","admin1":"Chisinau","iso":"MD","pop":688134,"rank":3,"minzoom":5,"capital":1},"geometry":{"type":"Point","coordinates":[28.8577,47.005]}},{"type":"Feature","properties":{"name":"Beira","country":"Mozambique","admin1":"Sofala","iso":"MZ","pop":530604,"rank":3,"minzoom":5,"capital":0},"geometry":{"type":"Point","coordinates":[34.87,-19.82]}},{"type":"Feature","properties":{"name":"Port Elizabeth","country":"South Africa","admin1":"Eastern Cape","iso":"ZA","pop":1021000,"rank":3,"minzoom":5,"capital":0},"geometry":{"type":"Point","coordinates":[25.5981,-33.9681]}},{"type":"Feature","properties":{"name":"Maputo","country":"Mozambique","admin1":"Maputo","iso":"MZ","pop":1446000,"rank":3,"minzoom":5,"capital":1},"geometry":{"type":"Point","coordinates":[32.5872,-25.9533]}},{"type":"Feature","properties":{"name":"Tomsk","country":"Russia","admin1":"Tomsk","iso":"RU","pop":535479,"rank":3,"minzoom":4,"capital":0},"geometry":{"type":"Point","coordinates":[84.975,56.495]}},{"type":"Feature","properties":{"name":"Anadyr","country":"Russia","admin1":"Chukchi Autonomous Okrug","iso":"RU","pop":10332,"rank":3,"minzoom":5,"capital":0},"geometry":{"type":"Point","coordinates":[177.475,64.737]}},{"type":"Feature","properties":{"name":"Murmansk","country":"Russia","admin1":"Murmansk","iso":"RU","pop":319263,"rank":3,"minzoom":3.7,"capital":0},"geometry":{"type":"Point","coordinates":[33.1,68.97]}},{"type":"Feature","properties":{"name":"Archangel","country":"Russia","admin1":"Arkhangel'sk","iso":"RU","pop":356051,"rank":3,"minzoom":4,"capital":0},"geometry":{"type":"Point","coordinates":[40.545,64.575]}},{"type":"Feature","properties":{"name":"Nizhny Novgorod","country":"Russia","admin1":"Nizhegorod","iso":"RU","pop":1278000,"rank":3,"minzoom":5,"capital":0},"geometry":{"type":"Point","coordinates":[43.9981,56.335]}},{"type":"Feature","properties":{"name":"Volgograd","country":"Russia","admin1":"Volgograd","iso":"RU","pop":984000,"rank":3,"minzoom":4,"capital":0},"geometry":{"type":"Point","coordinates":[44.498,48.712]}},{"type":"Feature","properties":{"name":"Ufa","country":"Russia","admin1":"Bashkortostan","iso":"RU","pop":1018000,"rank":3,"minzoom":5,"capital":0},"geometry":{"type":"Point","coordinates":[56.0381,54.7919]}},{"type":"Feature","properties":{"name":"Yekaterinburg","country":"Russia","admin1":"Sverdlovsk","iso":"RU","pop":1313000,"rank":3,"minzoom":5,"capital":0},"geometry":{"type":"Point","coordinates":[60.598,56.852]}},{"type":"Feature","properties":{"name":"Samara","country":"Russia","admin1":"Samara","iso":"RU","pop":1137000,"rank":3,"minzoom":3.7,"capital":0},"geometry":{"type":"Point","coordinates":[50.1493,53.197]}},{"type":"Feature","properties":{"name":"Kazan","country":"Russia","admin1":"Tatarstan","iso":"RU","pop":1115000,"rank":3,"minzoom":5,"capital":0},"geometry":{"type":"Point","coordinates":[49.1244,55.7519]}},{"type":"Feature","properties":{"name":"Surgut","country":"Russia","admin1":"Khanty-Mansiy","iso":"RU","pop":400000,"rank":3,"minzoom":4,"capital":0},"geometry":{"type":"Point","coordinates":[73.425,61.2599]}},{"type":"Feature","properties":{"name":"Barnaul","country":"Russia","admin1":"Altay","iso":"RU","pop":599579,"rank":3,"minzoom":5,"capital":0},"geometry":{"type":"Point","coordinates":[83.745,53.355]}},{"type":"Feature","properties":{"name":"Novosibirsk","country":"Russia","admin1":"Novosibirsk","iso":"RU","pop":1389000,"rank":3,"minzoom":5,"capital":0},"geometry":{"type":"Point","coordinates":[82.9581,55.0319]}},{"type":"Feature","properties":{"name":"Mogadishu","country":"Somalia","admin1":"Banaadir","iso":"SO","pop":1100000,"rank":3,"minzoom":4,"capital":1},"geometry":{"type":"Point","coordinates":[45.3647,2.0686]}},{"type":"Feature","properties":{"name":"Muscat","country":"Oman","admin1":"Muscat","iso":"OM","pop":734697,"rank":3,"minzoom":5,"capital":1},"geometry":{"type":"Point","coordinates":[58.3783,23.5852]}},{"type":"Feature","properties":{"name":"Colombo","country":"Sri Lanka","admin1":"Colombo","iso":"LK","pop":217000,"rank":3,"minzoom":5,"capital":1},"geometry":{"type":"Point","coordinates":[79.8578,6.932]}},{"type":"Feature","properties":{"name":"Cebu","country":"Philippines","admin1":"Cebu","iso":"PH","pop":815000,"rank":3,"minzoom":4,"capital":0},"geometry":{"type":"Point","coordinates":[123.8981,10.3219]}},{"type":"Feature","properties":{"name":"Iloilo","country":"Philippines","admin1":"Iloilo","iso":"PH","pop":387681,"rank":3,"minzoom":5,"capital":0},"geometry":{"type":"Point","coordinates":[122.545,10.705]}},{"type":"Feature","properties":{"name":"Davao","country":"Philippines","admin1":"Davao Del Sur","iso":"PH","pop":1402000,"rank":3,"minzoom":5,"capital":0},"geometry":{"type":"Point","coordinates":[125.6281,7.112]}},{"type":"Feature","properties":{"name":"Bratsk","country":"Russia","admin1":"Irkutsk","iso":"RU","pop":246348,"rank":3,"minzoom":5,"capital":0},"geometry":{"type":"Point","coordinates":[101.615,56.157]}},{"type":"Feature","properties":{"name":"Irkutsk","country":"Russia","admin1":"Irkutsk","iso":"RU","pop":586695,"rank":3,"minzoom":3.7,"capital":0},"geometry":{"type":"Point","coordinates":[104.2839,52.2846]}},{"type":"Feature","properties":{"name":"Krasnoyarsk","country":"Russia","admin1":"Krasnoyarsk","iso":"RU","pop":925000,"rank":3,"minzoom":5,"capital":0},"geometry":{"type":"Point","coordinates":[92.8641,56.0159]}},{"type":"Feature","properties":{"name":"Dikson","country":"Russia","admin1":"Taymyr","iso":"RU","pop":1113,"rank":3,"minzoom":5,"capital":0},"geometry":{"type":"Point","coordinates":[80.5451,73.507]}},{"type":"Feature","properties":{"name":"Chita","country":"Russia","admin1":"Chita","iso":"RU","pop":308500,"rank":3,"minzoom":5,"capital":0},"geometry":{"type":"Point","coordinates":[113.465,52.055]}},{"type":"Feature","properties":{"name":"Vladivostok","country":"Russia","admin1":"Primor'ye","iso":"RU","pop":587022,"rank":3,"minzoom":5,"capital":0},"geometry":{"type":"Point","coordinates":[131.91,43.13]}},{"type":"Feature","properties":{"name":"Nizhneyansk","country":"Russia","admin1":"Sakha (Yakutia)","iso":"RU","pop":400,"rank":3,"minzoom":5,"capital":0},"geometry":{"type":"Point","coordinates":[136.0666,71.4333]}},{"type":"Feature","properties":{"name":"Yakutsk","country":"Russia","admin1":"Sakha (Yakutia)","iso":"RU","pop":235600,"rank":3,"minzoom":4,"capital":0},"geometry":{"type":"Point","coordinates":[129.735,62.035]}},{"type":"Feature","properties":{"name":"Tiksi","country":"Russia","admin1":"Sakha (Yakutia)","iso":"RU","pop":5700,"rank":3,"minzoom":4,"capital":0},"geometry":{"type":"Point","coordinates":[128.835,71.6269]}},{"type":"Feature","properties":{"name":"Magadan","country":"Russia","admin1":"Maga Buryatdan","iso":"RU","pop":95282,"rank":3,"minzoom":3.7,"capital":0},"geometry":{"type":"Point","coordinates":[150.81,59.575]}},{"type":"Feature","properties":{"name":"Tijuana","country":"Mexico","admin1":"Baja California","iso":"MX","pop":1553000,"rank":3,"minzoom":5,"capital":0},"geometry":{"type":"Point","coordinates":[-117.0819,32.502]}},{"type":"Feature","properties":{"name":"Chihuahua","country":"Mexico","admin1":"Chihuahua","iso":"MX","pop":793000,"rank":3,"minzoom":4,"capital":0},"geometry":{"type":"Point","coordinates":[-106.0869,28.6469]}},{"type":"Feature","properties":{"name":"Mazatlán","country":"Mexico","admin1":"Sinaloa","iso":"MX","pop":368204,"rank":3,"minzoom":5,"capital":0},"geometry":{"type":"Point","coordinates":[-106.42,23.2211]}},{"type":"Feature","properties":{"name":"Tampico","country":"Mexico","admin1":"Tamaulipas","iso":"MX","pop":859419,"rank":3,"minzoom":5,"capital":0},"geometry":{"type":"Point","coordinates":[-97.87,22.3]}},{"type":"Feature","properties":{"name":"Acapulco","country":"Mexico","admin1":"Guerrero","iso":"MX","pop":715584,"rank":3,"minzoom":5,"capital":0},"geometry":{"type":"Point","coordinates":[-99.916,16.85]}},{"type":"Feature","properties":{"name":"Veracruz","country":"Mexico","admin1":"Veracruz","iso":"MX","pop":578963,"rank":3,"minzoom":5,"capital":0},"geometry":{"type":"Point","coordinates":[-96.16,19.1773]}},{"type":"Feature","properties":{"name":"Tuxtla Gutiérrez","country":"Mexico","admin1":"Chiapas","iso":"MX","pop":481128,"rank":3,"minzoom":5,"capital":0},"geometry":{"type":"Point","coordinates":[-93.15,16.75]}},{"type":"Feature","properties":{"name":"Cancún","country":"Mexico","admin1":"Quintana Roo","iso":"MX","pop":542043,"rank":3,"minzoom":4,"capital":0},"geometry":{"type":"Point","coordinates":[-86.83,21.17]}},{"type":"Feature","properties":{"name":"Mérida","country":"Mexico","admin1":"Yucatán","iso":"MX","pop":965000,"rank":3,"minzoom":5,"capital":0},"geometry":{"type":"Point","coordinates":[-89.6186,20.9686]}},{"type":"Feature","properties":{"name":"Enugu","country":"Nigeria","admin1":"Enugu","iso":"NG","pop":688862,"rank":3,"minzoom":5,"capital":0},"geometry":{"type":"Point","coordinates":[7.5,6.45]}},{"type":"Feature","properties":{"name":"Sokoto","country":"Nigeria","admin1":"Sokoto","iso":"NG","pop":732178,"rank":3,"minzoom":5,"capital":0},"geometry":{"type":"Point","coordinates":[5.24,13.06]}},{"type":"Feature","properties":{"name":"Perm","country":"Russia","admin1":"Perm'","iso":"RU","pop":997000,"rank":3,"minzoom":4,"capital":0},"geometry":{"type":"Point","coordinates":[56.248,58.0019]}},{"type":"Feature","properties":{"name":"Erdenet","country":"Mongolia","admin1":"Orhon","iso":"MN","pop":79647,"rank":3,"minzoom":5,"capital":0},"geometry":{"type":"Point","coordinates":[104.1183,49.0533]}},{"type":"Feature","properties":{"name":"Ulaanbaatar","country":"Mongolia","admin1":"Ulaanbaatar","iso":"MN","pop":885000,"rank":3,"minzoom":4,"capital":1},"geometry":{"type":"Point","coordinates":[106.9147,47.9186]}},{"type":"Feature","properties":{"name":"Mbeya","country":"Tanzania","admin1":"Mbeya","iso":"TZ","pop":291649,"rank":3,"minzoom":5,"capital":0},"geometry":{"type":"Point","coordinates":[33.43,-8.89]}},{"type":"Feature","properties":{"name":"Windhoek","country":"Namibia","admin1":"Khomas","iso":"NA","pop":268132,"rank":3,"minzoom":5,"capital":1},"geometry":{"type":"Point","coordinates":[17.0835,-22.57]}},{"type":"Feature","properties":{"name":"Grootfontein","country":"Namibia","admin1":"Otjozondjupa","iso":"NA","pop":24099,"rank":3,"minzoom":5,"capital":0},"geometry":{"type":"Point","coordinates":[18.1166,-19.5666]}},{"type":"Feature","properties":{"name":"Zanzibar","country":"Tanzania","admin1":"Zanzibar West","iso":"TZ","pop":403658,"rank":3,"minzoom":5,"capital":0},"geometry":{"type":"Point","coordinates":[39.2,-6.16]}},{"type":"Feature","properties":{"name":"Valencia","country":"Spain","admin1":"Comunidad Valenciana","iso":"ES","pop":808000,"rank":3,"minzoom":4.7,"capital":0},"geometry":{"type":"Point","coordinates":[-0.402,39.487]}},{"type":"Feature","properties":{"name":"Palana","country":"Russia","admin1":"Kamchatka","iso":"RU","pop":3671,"rank":3,"minzoom":5,"capital":0},"geometry":{"type":"Point","coordinates":[159.95,59.084]}},{"type":"Feature","properties":{"name":"Petropavlovsk-Kamchatsky","country":"Russia","admin1":"Kamchatka","iso":"RU","pop":187282,"rank":3,"minzoom":5,"capital":0},"geometry":{"type":"Point","coordinates":[158.623,53.062]}},{"type":"Feature","properties":{"name":"Abuja","country":"Nigeria","admin1":"Federal Capital Territory","iso":"NG","pop":1576000,"rank":3,"minzoom":4,"capital":1},"geometry":{"type":"Point","coordinates":[7.4895,9.0546]}},{"type":"Feature","properties":{"name":"Padang","country":"Indonesia","admin1":"Sumatera Barat","iso":"ID","pop":855000,"rank":3,"minzoom":5,"capital":0},"geometry":{"type":"Point","coordinates":[100.3581,-0.9581]}},{"type":"Feature","properties":{"name":"Bissau","country":"Guinea Bissau","admin1":"Bissau","iso":"GW","pop":403339,"rank":3,"minzoom":5,"capital":1},"geometry":{"type":"Point","coordinates":[-15.5984,11.865]}},{"type":"Feature","properties":{"name":"Palermo","country":"Italy","admin1":"Sicily","iso":"IT","pop":863000,"rank":3,"minzoom":5,"capital":0},"geometry":{"type":"Point","coordinates":[13.3481,38.127]}},{"type":"Feature","properties":{"name":"Amman","country":"Jordan","admin1":"Amman","iso":"JO","pop":1060000,"rank":3,"minzoom":5,"capital":1},"geometry":{"type":"Point","coordinates":[35.9314,31.952]}},{"type":"Feature","properties":{"name":"Vilnius","country":"Lithuania","admin1":"Vilniaus","iso":"LT","pop":542366,"rank":3,"minzoom":5,"capital":1},"geometry":{"type":"Point","coordinates":[25.3166,54.6834]}},{"type":"Feature","properties":{"name":"Riga","country":"Latvia","admin1":"Riga","iso":"LV","pop":742572,"rank":3,"minzoom":4,"capital":1},"geometry":{"type":"Point","coordinates":[24.1,56.95]}},{"type":"Feature","properties":{"name":"Bishkek","country":"Kyrgyzstan","admin1":"Bishkek","iso":"KG","pop":837000,"rank":3,"minzoom":5,"capital":1},"geometry":{"type":"Point","coordinates":[74.5833,42.875]}},{"type":"Feature","properties":{"name":"Jiayuguan","country":"China","admin1":"Gansu","iso":"CN","pop":148279,"rank":3,"minzoom":5,"capital":0},"geometry":{"type":"Point","coordinates":[98.3,39.82]}},{"type":"Feature","properties":{"name":"Xining","country":"China","admin1":"Gansu","iso":"CN","pop":1048000,"rank":3,"minzoom":4.7,"capital":0},"geometry":{"type":"Point","coordinates":[101.7681,36.6219]}},{"type":"Feature","properties":{"name":"Guilin","country":"China","admin1":"Guangxi","iso":"CN","pop":987000,"rank":3,"minzoom":5,"capital":0},"geometry":{"type":"Point","coordinates":[110.2781,25.2819]}},{"type":"Feature","properties":{"name":"Huainan","country":"China","admin1":"Anhui","iso":"CN","pop":1451000,"rank":3,"minzoom":5,"capital":0},"geometry":{"type":"Point","coordinates":[116.978,32.6319]}},{"type":"Feature","properties":{"name":"Shantou","country":"China","admin1":"Guangdong","iso":"CN","pop":1601000,"rank":3,"minzoom":5,"capital":0},"geometry":{"type":"Point","coordinates":[116.6681,23.372]}},{"type":"Feature","properties":{"name":"Tarakan","country":"Indonesia","admin1":"Kalimantan Timur","iso":"ID","pop":193069,"rank":3,"minzoom":5,"capital":0},"geometry":{"type":"Point","coordinates":[117.633,3.3]}},{"type":"Feature","properties":{"name":"Mombasa","country":"Kenya","admin1":"Coast","iso":"KE","pop":882000,"rank":3,"minzoom":5,"capital":0},"geometry":{"type":"Point","coordinates":[39.688,-4.0381]}},{"type":"Feature","properties":{"name":"Maseru","country":"Lesotho","admin1":"Maseru","iso":"LS","pop":361324,"rank":3,"minzoom":5,"capital":1},"geometry":{"type":"Point","coordinates":[27.4833,-29.3167]}},{"type":"Feature","properties":{"name":"Antananarivo","country":"Madagascar","admin1":"Antananarivo","iso":"MG","pop":1697000,"rank":3,"minzoom":5,"capital":1},"geometry":{"type":"Point","coordinates":[47.5147,-18.9147]}},{"type":"Feature","properties":{"name":"Semarang","country":"Indonesia","admin1":"Jawa Tengah","iso":"ID","pop":1396000,"rank":3,"minzoom":5,"capital":0},"geometry":{"type":"Point","coordinates":[110.4181,-6.9647]}},{"type":"Feature","properties":{"name":"Palembang","country":"Indonesia","admin1":"Sumatera Selatan","iso":"ID","pop":1749000,"rank":3,"minzoom":5,"capital":0},"geometry":{"type":"Point","coordinates":[104.7481,-2.9781]}},{"type":"Feature","properties":{"name":"Bandjarmasin","country":"Indonesia","admin1":"Kalimantan Selatan","iso":"ID","pop":603576,"rank":3,"minzoom":5,"capital":0},"geometry":{"type":"Point","coordinates":[114.5801,-3.33]}},{"type":"Feature","properties":{"name":"Makassar","country":"Indonesia","admin1":"Sulawesi Selatan","iso":"ID","pop":1262000,"rank":3,"minzoom":5,"capital":0},"geometry":{"type":"Point","coordinates":[119.4301,-5.138]}},{"type":"Feature","properties":{"name":"Lyon","country":"France","admin1":"Rhône-Alpes","iso":"FR","pop":1423000,"rank":3,"minzoom":4.7,"capital":0},"geometry":{"type":"Point","coordinates":[4.8281,45.772]}},{"type":"Feature","properties":{"name":"Quito","country":"Ecuador","admin1":"Pichincha","iso":"EC","pop":1701000,"rank":3,"minzoom":4,"capital":1},"geometry":{"type":"Point","coordinates":[-78.502,-0.213]}},{"type":"Feature","properties":{"name":"San José","country":"Costa Rica","admin1":"San José","iso":"CR","pop":1284000,"rank":3,"minzoom":5,"capital":1},"geometry":{"type":"Point","coordinates":[-84.0788,9.9304]}},{"type":"Feature","properties":{"name":"San Salvador","country":"El Salvador","admin1":"San Salvador","iso":"SV","pop":1433000,"rank":3,"minzoom":5,"capital":1},"geometry":{"type":"Point","coordinates":[-89.2156,13.7033]}},{"type":"Feature","properties":{"name":"Kingston","country":"Jamaica","admin1":"Kingston","iso":"JM","pop":937700,"rank":3,"minzoom":5,"capital":1},"geometry":{"type":"Point","coordinates":[-76.7674,17.9771]}},{"type":"Feature","properties":{"name":"Cartagena","country":"Colombia","admin1":"Bolívar","iso":"CO","pop":887000,"rank":3,"minzoom":5,"capital":0},"geometry":{"type":"Point","coordinates":[-75.5163,10.4017]}},{"type":"Feature","properties":{"name":"Mitú","country":"Colombia","admin1":"Vaupés","iso":"CO","pop":5917,"rank":3,"minzoom":5,"capital":0},"geometry":{"type":"Point","coordinates":[-70.1736,1.1983]}},{"type":"Feature","properties":{"name":"Bumba","country":"Congo (Kinshasa)","admin1":"Équateur","iso":"CD","pop":160539,"rank":3,"minzoom":5,"capital":0},"geometry":{"type":"Point","coordinates":[22.46,2.19]}},{"type":"Feature","properties":{"name":"N'Djamena","country":"Chad","admin1":"Hadjer-Lamis","iso":"TD","pop":989000,"rank":3,"minzoom":5,"capital":1},"geometry":{"type":"Point","coordinates":[15.0472,12.115]}},{"type":"Feature","properties":{"name":"Abéché","country":"Chad","admin1":"Ouaddaï","iso":"TD","pop":158317,"rank":3,"minzoom":5,"capital":0},"geometry":{"type":"Point","coordinates":[20.83,13.84]}},{"type":"Feature","properties":{"name":"Malabo","country":"Equatorial Guinea","admin1":"Bioko Norte","iso":"GQ","pop":155963,"rank":3,"minzoom":5,"capital":1},"geometry":{"type":"Point","coordinates":[8.7833,3.75]}},{"type":"Feature","properties":{"name":"Luxor","country":"Egypt","admin1":"Qina","iso":"EG","pop":609248,"rank":3,"minzoom":5,"capital":0},"geometry":{"type":"Point","coordinates":[32.65,25.7]}},{"type":"Feature","properties":{"name":"Asmara","country":"Eritrea","admin1":"Anseba","iso":"ER","pop":620802,"rank":3,"minzoom":5,"capital":1},"geometry":{"type":"Point","coordinates":[38.9333,15.3333]}},{"type":"Feature","properties":{"name":"Zagreb","country":"Croatia","admin1":"Grad Zagreb","iso":"HR","pop":722526,"rank":3,"minzoom":5,"capital":1},"geometry":{"type":"Point","coordinates":[16.0,45.8]}},{"type":"Feature","properties":{"name":"Tallinn","country":"Estonia","admin1":"Harju","iso":"EE","pop":394024,"rank":3,"minzoom":5,"capital":1},"geometry":{"type":"Point","coordinates":[24.728,59.4339]}},{"type":"Feature","properties":{"name":"Lhasa","country":"China","admin1":"Xizang","iso":"CN","pop":219599,"rank":3,"minzoom":4,"capital":0},"geometry":{"type":"Point","coordinates":[91.1,29.645]}},{"type":"Feature","properties":{"name":"Hami","country":"China","admin1":"Xinjiang Uygur","iso":"CN","pop":580000,"rank":3,"minzoom":5,"capital":0},"geometry":{"type":"Point","coordinates":[93.515,42.827]}},{"type":"Feature","properties":{"name":"Hotan","country":"China","admin1":"Xinjiang Uygur","iso":"CN","pop":408894,"rank":3,"minzoom":4,"capital":0},"geometry":{"type":"Point","coordinates":[79.9269,37.0997]}},{"type":"Feature","properties":{"name":"Kashgar","country":"China","admin1":"Xinjiang Uygur","iso":"CN","pop":506640,"rank":3,"minzoom":5,"capital":0},"geometry":{"type":"Point","coordinates":[75.9699,39.4763]}},{"type":"Feature","properties":{"name":"Yinchuan","country":"China","admin1":"Ningxia Hui","iso":"CN","pop":991000,"rank":3,"minzoom":5,"capital":0},"geometry":{"type":"Point","coordinates":[106.2711,38.4699]}},{"type":"Feature","properties":{"name":"Pingxiang","country":"China","admin1":"Jiangxi","iso":"CN","pop":961000,"rank":3,"minzoom":5,"capital":0},"geometry":{"type":"Point","coordinates":[113.8481,27.622]}},{"type":"Feature","properties":{"name":"Nagasaki","country":"Japan","admin1":"Nagasaki","iso":"JP","pop":435455,"rank":3,"minzoom":5,"capital":0},"geometry":{"type":"Point","coordinates":[129.885,32.765]}},{"type":"Feature","properties":{"name":"Qiqihar","country":"China","admin1":"Heilongjiang","iso":"CN","pop":1641000,"rank":3,"minzoom":4,"capital":0},"geometry":{"type":"Point","coordinates":[123.988,47.3469]}},{"type":"Feature","properties":{"name":"Kikwit","country":"Congo (Kinshasa)","admin1":"Bandundu","iso":"CD","pop":637736,"rank":3,"minzoom":5,"capital":0},"geometry":{"type":"Point","coordinates":[18.85,-5.03]}},{"type":"Feature","properties":{"name":"Matadi","country":"Congo (Kinshasa)","admin1":"Bas-Congo","iso":"CD","pop":245862,"rank":3,"minzoom":5,"capital":0},"geometry":{"type":"Point","coordinates":[13.45,-5.8166]}},{"type":"Feature","properties":{"name":"Kolwezi","country":"Congo (Kinshasa)","admin1":"Katanga","iso":"CD","pop":418000,"rank":3,"minzoom":5,"capital":0},"geometry":{"type":"Point","coordinates":[25.4724,-10.7167]}},{"type":"Feature","properties":{"name":"Lubumbashi","country":"Congo (Kinshasa)","admin1":"Katanga","iso":"CD","pop":1352000,"rank":3,"minzoom":5,"capital":0},"geometry":{"type":"Point","coordinates":[27.4781,-11.6781]}},{"type":"Feature","properties":{"name":"Lilongwe","country":"Malawi","admin1":"Lilongwe","iso":"MW","pop":646750,"rank":3,"minzoom":5,"capital":1},"geometry":{"type":"Point","coordinates":[33.7833,-13.9833]}},{"type":"Feature","properties":{"name":"Guatemala City","country":"Guatemala","admin1":"Guatemala","iso":"GT","pop":1024000,"rank":3,"minzoom":5,"capital":1},"geometry":{"type":"Point","coordinates":[-90.5289,14.6231]}},{"type":"Feature","properties":{"name":"Cayenne","country":"France","admin1":"Guinaa","iso":"GF","pop":61550,"rank":3,"minzoom":4,"capital":0},"geometry":{"type":"Point","coordinates":[-52.33,4.933]}},{"type":"Feature","properties":{"name":"Libreville","country":"Gabon","admin1":"Estuaire","iso":"GA","pop":578156,"rank":3,"minzoom":5,"capital":1},"geometry":{"type":"Point","coordinates":[9.458,0.3854]}},{"type":"Feature","properties":{"name":"Vishakhapatnam","country":"India","admin1":"Andhra Pradesh","iso":"IN","pop":1529000,"rank":3,"minzoom":5,"capital":0},"geometry":{"type":"Point","coordinates":[83.2198,17.6829]}},{"type":"Feature","properties":{"name":"Suva","country":"Fiji","admin1":"Central","iso":"FJ","pop":175399,"rank":3,"minzoom":5,"capital":1},"geometry":{"type":"Point","coordinates":[178.4417,-18.133]}},{"type":"Feature","properties":{"name":"Port-Gentil","country":"Gabon","admin1":"Ogooué-Maritime","iso":"GA","pop":116836,"rank":3,"minzoom":5,"capital":0},"geometry":{"type":"Point","coordinates":[8.78,-0.72]}},{"type":"Feature","properties":{"name":"Timbuktu","country":"Mali","admin1":"Timbuktu","iso":"ML","pop":68872,"rank":3,"minzoom":5,"capital":0},"geometry":{"type":"Point","coordinates":[-3.0166,16.7666]}},{"type":"Feature","properties":{"name":"Punta Arenas","country":"Chile","admin1":"Magallanes y Antártica Chilena","iso":"CL","pop":117430,"rank":3,"minzoom":3,"capital":0},"geometry":{"type":"Point","coordinates":[-70.94,-53.165]}},{"type":"Feature","properties":{"name":"Iquique","country":"Chile","admin1":"Tarapacá","iso":"CL","pop":227499,"rank":3,"minzoom":5,"capital":0},"geometry":{"type":"Point","coordinates":[-70.13,-20.25]}},{"type":"Feature","properties":{"name":"Antofagasta","country":"Chile","admin1":"Antofagasta","iso":"CL","pop":309832,"rank":3,"minzoom":4,"capital":0},"geometry":{"type":"Point","coordinates":[-70.4,-23.65]}},{"type":"Feature","properties":{"name":"Valparaíso","country":"Chile","admin1":"Valparaíso","iso":"CL","pop":854000,"rank":3,"minzoom":5,"capital":0},"geometry":{"type":"Point","coordinates":[-71.617,-33.0477]}},{"type":"Feature","properties":{"name":"Valdivia","country":"Chile","admin1":"Los Ríos","iso":"CL","pop":159599,"rank":3,"minzoom":4,"capital":0},"geometry":{"type":"Point","coordinates":[-73.2331,-39.8217]}},{"type":"Feature","properties":{"name":"Concepción","country":"Chile","admin1":"Bío-Bío","iso":"CL","pop":889725,"rank":3,"minzoom":5,"capital":0},"geometry":{"type":"Point","coordinates":[-73.05,-36.83]}},{"type":"Feature","properties":{"name":"Puerto Montt","country":"Chile","admin1":"Los Lagos","iso":"CL","pop":174629,"rank":3,"minzoom":5,"capital":0},"geometry":{"type":"Point","coordinates":[-72.93,-41.47]}},{"type":"Feature","properties":{"name":"Nuuk","country":"Greenland","admin1":"Kommuneqarfik Sermersooq","iso":"GL","pop":14798,"rank":3,"minzoom":4,"capital":0},"geometry":{"type":"Point","coordinates":[-51.7327,64.1983]}},{"type":"Feature","properties":{"name":"Nouakchott","country":"Mauritania","admin1":"Nouakchott","iso":"MR","pop":742144,"rank":3,"minzoom":5,"capital":1},"geometry":{"type":"Point","coordinates":[-15.9753,18.0864]}},{"type":"Feature","properties":{"name":"Bamako","country":"Mali","admin1":"Bamako","iso":"ML","pop":1494000,"rank":3,"minzoom":4,"capital":1},"geometry":{"type":"Point","coordinates":[-8.002,12.652]}},{"type":"Feature","properties":{"name":"Atar","country":"Mauritania","admin1":"Adrar","iso":"MR","pop":44265,"rank":3,"minzoom":5,"capital":0},"geometry":{"type":"Point","coordinates":[-13.05,20.5166]}},{"type":"Feature","properties":{"name":"Djenné","country":"Mali","admin1":"Mopti","iso":"ML","pop":32944,"rank":3,"minzoom":5,"capital":0},"geometry":{"type":"Point","coordinates":[-4.55,13.9]}},{"type":"Feature","properties":{"name":"Sabha","country":"Libya","admin1":"Sabha","iso":"LY","pop":100249,"rank":3,"minzoom":5,"capital":0},"geometry":{"type":"Point","coordinates":[14.4333,27.0333]}},{"type":"Feature","properties":{"name":"Banghazi","country":"Libya","admin1":"Benghazi","iso":"LY","pop":1180000,"rank":3,"minzoom":4.7,"capital":0},"geometry":{"type":"Point","coordinates":[20.0648,32.1187]}},{"type":"Feature","properties":{"name":"Thessaloniki","country":"Greece","admin1":"Kentriki Makedonia","iso":"GR","pop":828000,"rank":3,"minzoom":5,"capital":0},"geometry":{"type":"Point","coordinates":[22.8831,40.6981]}},{"type":"Feature","properties":{"name":"Beirut","country":"Lebanon","admin1":"Beirut","iso":"LB","pop":1846000,"rank":3,"minzoom":5,"capital":1},"geometry":{"type":"Point","coordinates":[35.5078,33.8739]}},{"type":"Feature","properties":{"name":"Tbilisi","country":"Georgia","admin1":"Tbilisi","iso":"GE","pop":1100000,"rank":3,"minzoom":5,"capital":1},"geometry":{"type":"Point","coordinates":[44.7888,41.727]}},{"type":"Feature","properties":{"name":"Gondar","country":"Ethiopia","admin1":"Amhara","iso":"ET","pop":156230,"rank":3,"minzoom":5,"capital":0},"geometry":{"type":"Point","coordinates":[37.46,12.61]}},{"type":"Feature","properties":{"name":"Nur-Sultan","country":"Kazakhstan","admin1":"Aqmola","iso":"KZ","pop":345604,"rank":3,"minzoom":4,"capital":1},"geometry":{"type":"Point","coordinates":[71.4278,51.1811]}},{"type":"Feature","properties":{"name":"Qaraghandy","country":"Kazakhstan","admin1":"Qaraghandy","iso":"KZ","pop":451800,"rank":3,"minzoom":5,"capital":0},"geometry":{"type":"Point","coordinates":[73.115,49.885]}},{"type":"Feature","properties":{"name":"Almaty","country":"Kazakhstan","admin1":"Almaty","iso":"KZ","pop":1209000,"rank":3,"minzoom":5,"capital":0},"geometry":{"type":"Point","coordinates":[76.9131,43.3269]}},{"type":"Feature","properties":{"name":"Isfahan","country":"Iran","admin1":"Esfahan","iso":"IR","pop":1628000,"rank":3,"minzoom":5,"capital":0},"geometry":{"type":"Point","coordinates":[51.6981,32.702]}},{"type":"Feature","properties":{"name":"Shiraz","country":"Iran","admin1":"Fars","iso":"IR","pop":1240000,"rank":3,"minzoom":5,"capital":0},"geometry":{"type":"Point","coordinates":[52.5681,29.6319]}},{"type":"Feature","properties":{"name":"Amritsar","country":"India","admin1":"Punjab","iso":"IN","pop":1212000,"rank":3,"minzoom":5,"capital":0},"geometry":{"type":"Point","coordinates":[74.868,31.6419]}},{"type":"Feature","properties":{"name":"Varanasi","country":"India","admin1":"Uttar Pradesh","iso":"IN","pop":1352000,"rank":3,"minzoom":5,"capital":0},"geometry":{"type":"Point","coordinates":[82.9981,25.3319]}},{"type":"Feature","properties":{"name":"Asansol","country":"India","admin1":"West Bengal","iso":"IN","pop":1328000,"rank":3,"minzoom":5,"capital":0},"geometry":{"type":"Point","coordinates":[86.9814,23.6853]}},{"type":"Feature","properties":{"name":"Bhilai","country":"India","admin1":"Chhattisgarh","iso":"IN","pop":1097000,"rank":3,"minzoom":5,"capital":0},"geometry":{"type":"Point","coordinates":[81.3722,21.2113]}},{"type":"Feature","properties":{"name":"Bhopal","country":"India","admin1":"Madhya Pradesh","iso":"IN","pop":1727000,"rank":3,"minzoom":5,"capital":0},"geometry":{"type":"Point","coordinates":[77.408,23.2519]}},{"type":"Feature","properties":{"name":"Madurai","country":"India","admin1":"Tamil Nadu","iso":"IN","pop":1294000,"rank":3,"minzoom":5,"capital":0},"geometry":{"type":"Point","coordinates":[78.1181,9.922]}},{"type":"Feature","properties":{"name":"Coimbatore","country":"India","admin1":"Tamil Nadu","iso":"IN","pop":1696000,"rank":3,"minzoom":5,"capital":0},"geometry":{"type":"Point","coordinates":[76.9481,11.0019]}},{"type":"Feature","properties":{"name":"Vientiane","country":"Laos","admin1":"Vientiane [prefecture]","iso":"LA","pop":754000,"rank":3,"minzoom":5,"capital":1},"geometry":{"type":"Point","coordinates":[102.6,17.9667]}},{"type":"Feature","properties":{"name":"Brazzaville","country":"Congo (Brazzaville)","admin1":"Pool","iso":"CG","pop":1355000,"rank":3,"minzoom":5,"capital":1},"geometry":{"type":"Point","coordinates":[15.2827,-4.2572]}},{"type":"Feature","properties":{"name":"Conakry","country":"Guinea","admin1":"Conakry","iso":"GN","pop":1494000,"rank":3,"minzoom":5,"capital":1},"geometry":{"type":"Point","coordinates":[-13.6822,9.5335]}},{"type":"Feature","properties":{"name":"Yamoussoukro","country":"Ivory Coast","admin1":"Lacs","iso":"CI","pop":206499,"rank":3,"minzoom":5,"capital":1},"geometry":{"type":"Point","coordinates":[-5.2755,6.8184]}},{"type":"Feature","properties":{"name":"Cruzeiro do Sul","country":"Brazil","admin1":"Acre","iso":"BR","pop":56862,"rank":3,"minzoom":5,"capital":0},"geometry":{"type":"Point","coordinates":[-72.67,-7.63]}},{"type":"Feature","properties":{"name":"Leticia","country":"Colombia","admin1":"Amazonas","iso":"CO","pop":59575,"rank":3,"minzoom":5,"capital":0},"geometry":{"type":"Point","coordinates":[-69.9553,-4.2012]}},{"type":"Feature","properties":{"name":"Manaus","country":"Brazil","admin1":"Amazonas","iso":"BR","pop":1753000,"rank":3,"minzoom":4,"capital":0},"geometry":{"type":"Point","coordinates":[-60.002,-3.0981]}},{"type":"Feature","properties":{"name":"Caxias","country":"Brazil","admin1":"Maranh","iso":"BR","pop":134640,"rank":3,"minzoom":5,"capital":0},"geometry":{"type":"Point","coordinates":[-43.35,-4.833]}},{"type":"Feature","properties":{"name":"Santarém","country":"Brazil","admin1":"Pará","iso":"BR","pop":230428,"rank":3,"minzoom":5,"capital":0},"geometry":{"type":"Point","coordinates":[-54.7,-2.4333]}},{"type":"Feature","properties":{"name":"Marabá","country":"Brazil","admin1":"Pará","iso":"BR","pop":166182,"rank":3,"minzoom":5,"capital":0},"geometry":{"type":"Point","coordinates":[-49.116,-5.35]}},{"type":"Feature","properties":{"name":"Vilhena","country":"Brazil","admin1":"Rondônia","iso":"BR","pop":63231,"rank":3,"minzoom":5,"capital":0},"geometry":{"type":"Point","coordinates":[-60.1166,-12.7166]}},{"type":"Feature","properties":{"name":"Ji-Paraná","country":"Brazil","admin1":"Rondinia","iso":"BR","pop":65016,"rank":3,"minzoom":5,"capital":0},"geometry":{"type":"Point","coordinates":[-61.967,-10.8333]}},{"type":"Feature","properties":{"name":"Campo Grande","country":"Brazil","admin1":"Mato Grosso do Sul","iso":"BR","pop":778000,"rank":3,"minzoom":5,"capital":0},"geometry":{"type":"Point","coordinates":[-54.6186,-20.4481]}},{"type":"Feature","properties":{"name":"Florianópolis","country":"Brazil","admin1":"Santa Catarina","iso":"BR","pop":1023000,"rank":3,"minzoom":5,"capital":0},"geometry":{"type":"Point","coordinates":[-48.522,-27.578]}},{"type":"Feature","properties":{"name":"Feira de Santana","country":"Brazil","admin1":"Bahia","iso":"BR","pop":481911,"rank":3,"minzoom":5,"capital":0},"geometry":{"type":"Point","coordinates":[-38.97,-12.25]}},{"type":"Feature","properties":{"name":"Winnipeg","country":"Canada","admin1":"Manitoba","iso":"CA","pop":632063,"rank":3,"minzoom":4,"capital":0},"geometry":{"type":"Point","coordinates":[-97.166,49.883]}},{"type":"Feature","properties":{"name":"Churchill","country":"Canada","admin1":"Manitoba","iso":"CA","pop":1000,"rank":3,"minzoom":4,"capital":0},"geometry":{"type":"Point","coordinates":[-94.166,58.766]}},{"type":"Feature","properties":{"name":"Regina","country":"Canada","admin1":"Saskatchewan","iso":"CA","pop":176183,"rank":3,"minzoom":5,"capital":0},"geometry":{"type":"Point","coordinates":[-104.617,50.45]}},{"type":"Feature","properties":{"name":"Saskatoon","country":"Canada","admin1":"Saskatchewan","iso":"CA","pop":198958,"rank":3,"minzoom":5,"capital":0},"geometry":{"type":"Point","coordinates":[-106.67,52.17]}},{"type":"Feature","properties":{"name":"Calgary","country":"Canada","admin1":"Alberta","iso":"CA","pop":1110000,"rank":3,"minzoom":4,"capital":0},"geometry":{"type":"Point","coordinates":[-114.0819,51.0849]}},{"type":"Feature","properties":{"name":"Prince Rupert","country":"Canada","admin1":"British Columbia","iso":"CA","pop":14708,"rank":3,"minzoom":4,"capital":0},"geometry":{"type":"Point","coordinates":[-130.33,54.3167]}},{"type":"Feature","properties":{"name":"Victoria","country":"Canada","admin1":"British Columbia","iso":"CA","pop":289625,"rank":3,"minzoom":5,"capital":0},"geometry":{"type":"Point","coordinates":[-123.35,48.4333]}},{"type":"Feature","properties":{"name":"Arctic Bay","country":"Canada","admin1":"Nunavut","iso":"CA","pop":604,"rank":3,"minzoom":5,"capital":0},"geometry":{"type":"Point","coordinates":[-85.1666,73.0333]}},{"type":"Feature","properties":{"name":"Resolute","country":"Canada","admin1":"Nunavut","iso":"CA","pop":250,"rank":3,"minzoom":5,"capital":0},"geometry":{"type":"Point","coordinates":[-94.9,74.6833]}},{"type":"Feature","properties":{"name":"Naujaat","country":"Canada","admin1":"Nunavut","iso":"CA","pop":1000,"rank":3,"minzoom":4,"capital":0},"geometry":{"type":"Point","coordinates":[-86.2829,66.5295]}},{"type":"Feature","properties":{"name":"Yellowknife","country":"Canada","admin1":"Northwest Territories","iso":"CA","pop":19234,"rank":3,"minzoom":4,"capital":0},"geometry":{"type":"Point","coordinates":[-114.397,62.442]}},{"type":"Feature","properties":{"name":"Fort Good Hope","country":"Canada","admin1":"Northwest Territories","iso":"CA","pop":597,"rank":3,"minzoom":5,"capital":0},"geometry":{"type":"Point","coordinates":[-128.6333,66.2666]}},{"type":"Feature","properties":{"name":"Whitehorse","country":"Canada","admin1":"Yukon","iso":"CA","pop":23276,"rank":3,"minzoom":4,"capital":0},"geometry":{"type":"Point","coordinates":[-135.05,60.7167]}},{"type":"Feature","properties":{"name":"Boa Vista","country":"Brazil","admin1":"Roraima","iso":"BR","pop":235150,"rank":3,"minzoom":5,"capital":0},"geometry":{"type":"Point","coordinates":[-60.666,2.8161]}},{"type":"Feature","properties":{"name":"Macapá","country":"Brazil","admin1":"Amapá","iso":"BR","pop":499166,"rank":3,"minzoom":5,"capital":0},"geometry":{"type":"Point","coordinates":[-51.05,0.033]}},{"type":"Feature","properties":{"name":"Ottawa","country":"Canada","admin1":"Ontario","iso":"CA","pop":1145000,"rank":3,"minzoom":3,"capital":1},"geometry":{"type":"Point","coordinates":[-75.702,45.4186]}},{"type":"Feature","properties":{"name":"Fort Severn","country":"Canada","admin1":"Ontario","iso":"CA","pop":125,"rank":3,"minzoom":5,"capital":0},"geometry":{"type":"Point","coordinates":[-87.65,55.9833]}},{"type":"Feature","properties":{"name":"Thunder Bay","country":"Canada","admin1":"Ontario","iso":"CA","pop":99334,"rank":3,"minzoom":5,"capital":0},"geometry":{"type":"Point","coordinates":[-89.275,48.4462]}},{"type":"Feature","properties":{"name":"Québec","country":"Canada","admin1":"Québec","iso":"CA","pop":624177,"rank":3,"minzoom":4,"capital":0},"geometry":{"type":"Point","coordinates":[-71.2456,46.84]}},{"type":"Feature","properties":{"name":"Halifax","country":"Canada","admin1":"Nova Scotia","iso":"CA","pop":359111,"rank":3,"minzoom":4,"capital":0},"geometry":{"type":"Point","coordinates":[-63.6,44.65]}},{"type":"Feature","properties":{"name":"St. John's","country":"Canada","admin1":"Newfoundland and Labrador","iso":"CA","pop":131469,"rank":3,"minzoom":4,"capital":0},"geometry":{"type":"Point","coordinates":[-52.681,47.585]}},{"type":"Feature","properties":{"name":"Nain","country":"Canada","admin1":"Newfoundland and Labrador","iso":"CA","pop":1151,"rank":3,"minzoom":5,"capital":0},"geometry":{"type":"Point","coordinates":[-61.686,56.5474]}},{"type":"Feature","properties":{"name":"Charlottetown","country":"Canada","admin1":"Prince Edward Island","iso":"CA","pop":42402,"rank":3,"minzoom":5,"capital":0},"geometry":{"type":"Point","coordinates":[-63.1313,46.2493]}},{"type":"Feature","properties":{"name":"N'Délé","country":"Central African Republic","admin1":"Bamingui-Bangoran","iso":"CF","pop":11764,"rank":3,"minzoom":5,"capital":0},"geometry":{"type":"Point","coordinates":[20.653,8.4091]}},{"type":"Feature","properties":{"name":"Belgrade","country":"Serbia","admin1":"Grad Beograd","iso":"RS","pop":1099000,"rank":3,"minzoom":5,"capital":1},"geometry":{"type":"Point","coordinates":[20.466,44.8206]}},{"type":"Feature","properties":{"name":"Obo","country":"Central African Republic","admin1":"Haut-Mbomou","iso":"CF","pop":12887,"rank":3,"minzoom":5,"capital":0},"geometry":{"type":"Point","coordinates":[26.5,5.4]}},{"type":"Feature","properties":{"name":"Bandar Seri Begawan","country":"Brunei","admin1":"Brunei and Muara","iso":"BN","pop":296500,"rank":3,"minzoom":5,"capital":1},"geometry":{"type":"Point","coordinates":[114.9333,4.8833]}},{"type":"Feature","properties":{"name":"Puerto Deseado","country":"Argentina","admin1":"Santa Cruz","iso":"AR","pop":3305,"rank":3,"minzoom":5,"capital":0},"geometry":{"type":"Point","coordinates":[-65.9,-47.75]}},{"type":"Feature","properties":{"name":"Río Gallegos","country":"Argentina","admin1":"Santa Cruz","iso":"AR","pop":85700,"rank":3,"minzoom":5,"capital":0},"geometry":{"type":"Point","coordinates":[-69.2166,-51.6333]}},{"type":"Feature","properties":{"name":"Comodoro Rivadavia","country":"Argentina","admin1":"Chubut","iso":"AR","pop":140850,"rank":3,"minzoom":5,"capital":0},"geometry":{"type":"Point","coordinates":[-67.5,-45.87]}},{"type":"Feature","properties":{"name":"Mendoza","country":"Argentina","admin1":"Mendoza","iso":"AR","pop":893000,"rank":3,"minzoom":5,"capital":0},"geometry":{"type":"Point","coordinates":[-68.8186,-32.8814]}},{"type":"Feature","properties":{"name":"Sucre","country":"Bolivia","admin1":"Chuquisaca","iso":"BO","pop":224838,"rank":3,"minzoom":4.7,"capital":1},"geometry":{"type":"Point","coordinates":[-65.2595,-19.041]}},{"type":"Feature","properties":{"name":"Riberalta","country":"Bolivia","admin1":"El Beni","iso":"BO","pop":74014,"rank":3,"minzoom":5,"capital":0},"geometry":{"type":"Point","coordinates":[-66.1,-10.983]}},{"type":"Feature","properties":{"name":"Bahía Blanca","country":"Argentina","admin1":"Ciudad de Buenos Aires","iso":"AR","pop":281536,"rank":3,"minzoom":5,"capital":0},"geometry":{"type":"Point","coordinates":[-62.265,-38.74]}},{"type":"Feature","properties":{"name":"Mar del Plata","country":"Argentina","admin1":"Ciudad de Buenos Aires","iso":"AR","pop":555897,"rank":3,"minzoom":5,"capital":0},"geometry":{"type":"Point","coordinates":[-57.58,-38.0]}},{"type":"Feature","properties":{"name":"Córdoba","country":"Argentina","admin1":"Córdoba","iso":"AR","pop":1452000,"rank":3,"minzoom":4,"capital":0},"geometry":{"type":"Point","coordinates":[-64.1842,-31.398]}},{"type":"Feature","properties":{"name":"Posadas","country":"Argentina","admin1":"Misiones","iso":"AR","pop":357119,"rank":3,"minzoom":5,"capital":0},"geometry":{"type":"Point","coordinates":[-55.8851,-27.3578]}},{"type":"Feature","properties":{"name":"Belmopan","country":"Belize","admin1":"Cayo","iso":"BZ","pop":15220,"rank":3,"minzoom":5,"capital":1},"geometry":{"type":"Point","coordinates":[-88.7671,17.252]}},{"type":"Feature","properties":{"name":"Bangui","country":"Central African Republic","admin1":"Bangui","iso":"CF","pop":831925,"rank":3,"minzoom":5,"capital":1},"geometry":{"type":"Point","coordinates":[18.5583,4.3666]}},{"type":"Feature","properties":{"name":"Maroua","country":"Cameroon","admin1":"Extrême-Nord","iso":"CM","pop":319941,"rank":3,"minzoom":5,"capital":0},"geometry":{"type":"Point","coordinates":[14.3247,10.5956]}},{"type":"Feature","properties":{"name":"Yaoundé","country":"Cameroon","admin1":"Centre","iso":"CM","pop":1611000,"rank":3,"minzoom":5,"capital":1},"geometry":{"type":"Point","coordinates":[11.5147,3.8686]}},{"type":"Feature","properties":{"name":"Tirana","country":"Albania","admin1":"Durrës","iso":"AL","pop":895350,"rank":3,"minzoom":5,"capital":1},"geometry":{"type":"Point","coordinates":[19.8189,41.3275]}},{"type":"Feature","properties":{"name":"Yerevan","country":"Armenia","admin1":"Erevan","iso":"AM","pop":1102000,"rank":3,"minzoom":5,"capital":1},"geometry":{"type":"Point","coordinates":[44.5116,40.1831]}},{"type":"Feature","properties":{"name":"Baku","country":"Azerbaijan","admin1":"Baki","iso":"AZ","pop":2122300,"rank":3,"minzoom":5,"capital":1},"geometry":{"type":"Point","coordinates":[49.8603,40.3972]}},{"type":"Feature","properties":{"name":"Kandahar","country":"Afghanistan","admin1":"Kandahar","iso":"AF","pop":715542,"rank":3,"minzoom":5,"capital":0},"geometry":{"type":"Point","coordinates":[65.6949,31.61]}},{"type":"Feature","properties":{"name":"Phnom Penh","country":"Cambodia","admin1":"Phnom Penh","iso":"KH","pop":1466000,"rank":3,"minzoom":5,"capital":1},"geometry":{"type":"Point","coordinates":[104.9147,11.552]}},{"type":"Feature","properties":{"name":"Menongue","country":"Angola","admin1":"Cuando Cubango","iso":"AO","pop":13030,"rank":3,"minzoom":5,"capital":0},"geometry":{"type":"Point","coordinates":[17.7,-14.6666]}},{"type":"Feature","properties":{"name":"Huambo","country":"Angola","admin1":"Huambo","iso":"AO","pop":1100000,"rank":3,"minzoom":5,"capital":0},"geometry":{"type":"Point","coordinates":[15.7581,-12.748]}},{"type":"Feature","properties":{"name":"La Paz","country":"Bolivia","admin1":"La Paz","iso":"BO","pop":1590000,"rank":3,"minzoom":4,"capital":1},"geometry":{"type":"Point","coordinates":[-68.1519,-16.496]}},{"type":"Feature","properties":{"name":"Santa Cruz","country":"Bolivia","admin1":"Santa Cruz","iso":"BO","pop":2102998,"rank":3,"minzoom":5,"capital":0},"geometry":{"type":"Point","coordinates":[-63.2279,-17.752]}},{"type":"Feature","properties":{"name":"Oran","country":"Algeria","admin1":"Oran","iso":"DZ","pop":798000,"rank":3,"minzoom":5,"capital":0},"geometry":{"type":"Point","coordinates":[-0.6219,35.7119]}},{"type":"Feature","properties":{"name":"Cotonou","country":"Benin","admin1":"Ouémé","iso":"BJ","pop":762000,"rank":3,"minzoom":5,"capital":1},"geometry":{"type":"Point","coordinates":[2.4044,6.363]}},{"type":"Feature","properties":{"name":"Tamanrasset","country":"Algeria","admin1":"Tamanghasset","iso":"DZ","pop":76000,"rank":3,"minzoom":5,"capital":0},"geometry":{"type":"Point","coordinates":[5.5228,22.785]}},{"type":"Feature","properties":{"name":"Ghardaia","country":"Algeria","admin1":"Ghardaaa","iso":"DZ","pop":125480,"rank":3,"minzoom":5,"capital":0},"geometry":{"type":"Point","coordinates":[3.67,32.49]}},{"type":"Feature","properties":{"name":"Sofia","country":"Bulgaria","admin1":"Grad Sofiya","iso":"BG","pop":1185000,"rank":3,"minzoom":5,"capital":1},"geometry":{"type":"Point","coordinates":[23.3147,42.6853]}},{"type":"Feature","properties":{"name":"Minsk","country":"Belarus","admin1":"Minsk","iso":"BY","pop":1805000,"rank":3,"minzoom":5,"capital":1},"geometry":{"type":"Point","coordinates":[27.5647,53.9019]}},{"type":"Feature","properties":{"name":"Thimphu","country":"Bhutan","admin1":"Thimphu","iso":"BT","pop":98676,"rank":3,"minzoom":5,"capital":1},"geometry":{"type":"Point","coordinates":[89.639,27.473]}},{"type":"Feature","properties":{"name":"Gaborone","country":"Botswana","admin1":"South-East","iso":"BW","pop":208411,"rank":3,"minzoom":5,"capital":1},"geometry":{"type":"Point","coordinates":[25.9119,-24.6463]}},{"type":"Feature","properties":{"name":"Darwin","country":"Australia","admin1":"Northern Territory","iso":"AU","pop":93080,"rank":3,"minzoom":3.7,"capital":0},"geometry":{"type":"Point","coordinates":[130.85,-12.4254]}},{"type":"Feature","properties":{"name":"Alice Springs","country":"Australia","admin1":"Northern Territory","iso":"AU","pop":27710,"rank":3,"minzoom":5,"capital":0},"geometry":{"type":"Point","coordinates":[133.88,-23.701]}},{"type":"Feature","properties":{"name":"Canberra","country":"Australia","admin1":"Australian Capital Territory","iso":"AU","pop":327700,"rank":3,"minzoom":4,"capital":1},"geometry":{"type":"Point","coordinates":[149.129,-35.283]}},{"type":"Feature","properties":{"name":"Newcastle","country":"Australia","admin1":"New South Wales","iso":"AU","pop":540796,"rank":3,"minzoom":5,"capital":0},"geometry":{"type":"Point","coordinates":[151.7702,-32.9295]}},{"type":"Feature","properties":{"name":"Adelaide","country":"Australia","admin1":"South Australia","iso":"AU","pop":1145000,"rank":3,"minzoom":3.7,"capital":0},"geometry":{"type":"Point","coordinates":[138.5981,-34.933]}},{"type":"Feature","properties":{"name":"Townsville","country":"Australia","admin1":"Queensland","iso":"AU","pop":138954,"rank":3,"minzoom":5,"capital":0},"geometry":{"type":"Point","coordinates":[146.77,-19.2499]}},{"type":"Feature","properties":{"name":"Brisbane","country":"Australia","admin1":"Queensland","iso":"AU","pop":1860000,"rank":3,"minzoom":4,"capital":0},"geometry":{"type":"Point","coordinates":[153.0331,-27.4531]}},{"type":"Feature","properties":{"name":"Hobart","country":"Australia","admin1":"Tasmania","iso":"AU","pop":80870,"rank":3,"minzoom":5,"capital":0},"geometry":{"type":"Point","coordinates":[147.295,-42.85]}},{"type":"Feature","properties":{"name":"Ouagadougou","country":"Burkina Faso","admin1":"Kadiogo","iso":"BF","pop":1149000,"rank":3,"minzoom":5,"capital":1},"geometry":{"type":"Point","coordinates":[-1.5267,12.3723]}},{"type":"Feature","properties":{"name":"Sarajevo","country":"Bosnia and Herzegovina","admin1":"Sarajevo","iso":"BA","pop":696731,"rank":3,"minzoom":5,"capital":1},"geometry":{"type":"Point","coordinates":[18.383,43.85]}},{"type":"Feature","properties":{"name":"Naypyidaw","country":"Myanmar","admin1":"Mandalay","iso":"MM","pop":930000,"rank":3,"minzoom":5,"capital":1},"geometry":{"type":"Point","coordinates":[96.1167,19.7685]}},{"type":"Feature","properties":{"name":"San Juan","country":"Puerto Rico","admin1":null,"iso":"PR","pop":2478905,"rank":3,"minzoom":5,"capital":0},"geometry":{"type":"Point","coordinates":[-66.13,18.44]}},{"type":"Feature","properties":{"name":"Stanley","country":"Falkland Islands","admin1":null,"iso":"FK","pop":2213,"rank":3,"minzoom":5,"capital":0},"geometry":{"type":"Point","coordinates":[-57.85,-51.7]}},{"type":"Feature","properties":{"name":"Hamilton","country":"Bermuda","admin1":null,"iso":"BM","pop":52320,"rank":3,"minzoom":5,"capital":1},"geometry":{"type":"Point","coordinates":[-64.7839,32.2942]}},{"type":"Feature","properties":{"name":"Nuku'alofa","country":"Tonga","admin1":null,"iso":"TO","pop":42620,"rank":3,"minzoom":5,"capital":1},"geometry":{"type":"Point","coordinates":[-175.2206,-21.1385]}},{"type":"Feature","properties":{"name":"Hargeisa","country":"Somaliland","admin1":null,"iso":"-99","pop":477876,"rank":3,"minzoom":5,"capital":1},"geometry":{"type":"Point","coordinates":[44.0653,9.56]}},{"type":"Feature","properties":{"name":"Victoria","country":"Seychelles","admin1":null,"iso":"SC","pop":33576,"rank":3,"minzoom":5,"capital":1},"geometry":{"type":"Point","coordinates":[55.45,-4.6166]}},{"type":"Feature","properties":{"name":"São Tomé","country":"Sao Tome and Principe","admin1":null,"iso":"ST","pop":88219,"rank":3,"minzoom":5,"capital":1},"geometry":{"type":"Point","coordinates":[6.7297,0.3375]}},{"type":"Feature","properties":{"name":"Apia","country":"Samoa","admin1":null,"iso":"WS","pop":61916,"rank":3,"minzoom":5,"capital":1},"geometry":{"type":"Point","coordinates":[-171.7686,-13.8357]}},{"type":"Feature","properties":{"name":"Valletta","country":"Malta","admin1":null,"iso":"MT","pop":368250,"rank":3,"minzoom":5,"capital":1},"geometry":{"type":"Point","coordinates":[14.5147,35.8997]}},{"type":"Feature","properties":{"name":"Malé","country":"Maldives","admin1":null,"iso":"MV","pop":112927,"rank":3,"minzoom":5,"capital":1},"geometry":{"type":"Point","coordinates":[73.5089,4.172]}},{"type":"Feature","properties":{"name":"Jerusalem","country":"Israel","admin1":"Jerusalem","iso":"IL","pop":1029300,"rank":3,"minzoom":3.7,"capital":1},"geometry":{"type":"Point","coordinates":[35.2066,31.7784]}},{"type":"Feature","properties":{"name":"Praia","country":"Cape Verde","admin1":null,"iso":"CV","pop":113364,"rank":3,"minzoom":5,"capital":1},"geometry":{"type":"Point","coordinates":[-23.5167,14.9167]}},{"type":"Feature","properties":{"name":"Nassau","country":"The Bahamas","admin1":null,"iso":"BS","pop":227940,"rank":3,"minzoom":5,"capital":1},"geometry":{"type":"Point","coordinates":[-77.35,25.0834]}},{"type":"Feature","properties":{"name":"Nicosia","country":"Cyprus","admin1":null,"iso":"CY","pop":224300,"rank":3,"minzoom":5,"capital":1},"geometry":{"type":"Point","coordinates":[33.3666,35.1667]}},{"type":"Feature","properties":{"name":"Kaohsiung","country":"Taiwan","admin1":"Kaohsiung City","iso":"TW","pop":2769072,"rank":3,"minzoom":5,"capital":0},"geometry":{"type":"Point","coordinates":[120.2666,22.6333]}},{"type":"Feature","properties":{"name":"Wellington","country":"New Zealand","admin1":"Manawatu-Wanganui","iso":"NZ","pop":393400,"rank":3,"minzoom":4,"capital":1},"geometry":{"type":"Point","coordinates":[174.7772,-41.2921]}},{"type":"Feature","properties":{"name":"Christchurch","country":"New Zealand","admin1":"Canterbury","iso":"NZ","pop":363200,"rank":3,"minzoom":4,"capital":0},"geometry":{"type":"Point","coordinates":[172.63,-43.535]}},{"type":"Feature","properties":{"name":"Shenzhen","country":"China","admin1":"Guangdong","iso":"CN","pop":7581000,"rank":2,"minzoom":4.7,"capital":0},"geometry":{"type":"Point","coordinates":[114.0612,22.5481]}},{"type":"Feature","properties":{"name":"Zibo","country":"China","admin1":"Shandong","iso":"CN","pop":3061000,"rank":2,"minzoom":4.7,"capital":0},"geometry":{"type":"Point","coordinates":[117.9965,36.8214]}},{"type":"Feature","properties":{"name":"Minneapolis","country":"United States of America","admin1":"Minnesota","iso":"US","pop":2616000,"rank":2,"minzoom":4,"capital":0},"geometry":{"type":"Point","coordinates":[-93.2537,44.9819]}},{"type":"Feature","properties":{"name":"Honolulu","country":"United States of America","admin1":"Hawaii","iso":"US","pop":786000,"rank":2,"minzoom":4,"capital":0},"geometry":{"type":"Point","coordinates":[-157.8583,21.3034]}},{"type":"Feature","properties":{"name":"Seattle","country":"United States of America","admin1":"Washington","iso":"US","pop":3074000,"rank":2,"minzoom":4,"capital":0},"geometry":{"type":"Point","coordinates":[-122.3153,47.6004]}},{"type":"Feature","properties":{"name":"Phoenix","country":"United States of America","admin1":"Arizona","iso":"US","pop":3551000,"rank":2,"minzoom":4,"capital":0},"geometry":{"type":"Point","coordinates":[-112.0674,33.4483]}},{"type":"Feature","properties":{"name":"San Diego","country":"United States of America","admin1":"California","iso":"US","pop":2916000,"rank":2,"minzoom":4,"capital":0},"geometry":{"type":"Point","coordinates":[-117.1509,32.7189]}},{"type":"Feature","properties":{"name":"St. Louis","country":"United States of America","admin1":"Missouri","iso":"US","pop":2199000,"rank":2,"minzoom":4,"capital":0},"geometry":{"type":"Point","coordinates":[-90.2419,38.637]}},{"type":"Feature","properties":{"name":"New Orleans","country":"United States of America","admin1":"Louisiana","iso":"US","pop":785000,"rank":2,"minzoom":4,"capital":0},"geometry":{"type":"Point","coordinates":[-90.0884,29.9689]}},{"type":"Feature","properties":{"name":"Dallas","country":"United States of America","admin1":"Texas","iso":"US","pop":4798000,"rank":2,"minzoom":4,"capital":0},"geometry":{"type":"Point","coordinates":[-96.7947,32.772]}},{"type":"Feature","properties":{"name":"Maracaibo","country":"Venezuela","admin1":"Zulia","iso":"VE","pop":2072000,"rank":2,"minzoom":4,"capital":0},"geometry":{"type":"Point","coordinates":[-71.6619,10.7319]}},{"type":"Feature","properties":{"name":"Boston","country":"United States of America","admin1":"Massachusetts","iso":"US","pop":4467000,"rank":2,"minzoom":4,"capital":0},"geometry":{"type":"Point","coordinates":[-71.072,42.3319]}},{"type":"Feature","properties":{"name":"Tampa","country":"United States of America","admin1":"Florida","iso":"US","pop":2314000,"rank":2,"minzoom":5,"capital":0},"geometry":{"type":"Point","coordinates":[-82.4606,27.9489]}},{"type":"Feature","properties":{"name":"Philadelphia","country":"United States of America","admin1":"Pennsylvania","iso":"US","pop":5492000,"rank":2,"minzoom":5,"capital":0},"geometry":{"type":"Point","coordinates":[-75.1798,39.9459]}},{"type":"Feature","properties":{"name":"Detroit","country":"United States of America","admin1":"Michigan","iso":"US","pop":4101000,"rank":2,"minzoom":4,"capital":0},"geometry":{"type":"Point","coordinates":[-83.0513,42.3336]}},{"type":"Feature","properties":{"name":"Anchorage","country":"United States of America","admin1":"Alaska","iso":"US","pop":260283,"rank":2,"minzoom":3,"capital":0},"geometry":{"type":"Point","coordinates":[-149.8874,61.214]}},{"type":"Feature","properties":{"name":"Hanoi","country":"Vietnam","admin1":"Thái Nguyên","iso":"VN","pop":4378000,"rank":2,"minzoom":4,"capital":1},"geometry":{"type":"Point","coordinates":[105.8481,21.0353]}},{"type":"Feature","properties":{"name":"Ho Chi Minh City","country":"Vietnam","admin1":"H? Chí Minh city","iso":"VN","pop":5314000,"rank":2,"minzoom":4,"capital":0},"geometry":{"type":"Point","coordinates":[106.703,10.7621]}},{"type":"Feature","properties":{"name":"Ankara","country":"Turkey","admin1":"Ankara","iso":"TR","pop":3716000,"rank":2,"minzoom":4,"capital":1},"geometry":{"type":"Point","coordinates":[32.8624,39.9292]}},{"type":"Feature","properties":{"name":"Budapest","country":"Hungary","admin1":"Budapest","iso":"HU","pop":1679000,"rank":2,"minzoom":4.7,"capital":1},"geometry":{"type":"Point","coordinates":[19.0814,47.502]}},{"type":"Feature","properties":{"name":"Sanaa","country":"Yemen","admin1":"Amanat Al Asimah","iso":"YE","pop":2008000,"rank":2,"minzoom":4,"capital":1},"geometry":{"type":"Point","coordinates":[44.2046,15.3567]}},{"type":"Feature","properties":{"name":"Barcelona","country":"Spain","admin1":"Cataluña","iso":"ES","pop":4920000,"rank":2,"minzoom":4,"capital":0},"geometry":{"type":"Point","coordinates":[2.1814,41.3852]}},{"type":"Feature","properties":{"name":"Bucharest","country":"Romania","admin1":"Bucharest","iso":"RO","pop":1942000,"rank":2,"minzoom":4,"capital":1},"geometry":{"type":"Point","coordinates":[26.098,44.4353]}},{"type":"Feature","properties":{"name":"Aleppo","country":"Syria","admin1":"Aleppo (Halab)","iso":"SY","pop":2738000,"rank":2,"minzoom":4.7,"capital":0},"geometry":{"type":"Point","coordinates":[37.1681,36.2319]}},{"type":"Feature","properties":{"name":"Damascus","country":"Syria","admin1":"Damascus","iso":"SY","pop":2466000,"rank":2,"minzoom":4.7,"capital":1},"geometry":{"type":"Point","coordinates":[36.2981,33.502]}},{"type":"Feature","properties":{"name":"Zürich","country":"Switzerland","admin1":"Zürich","iso":"CH","pop":1108000,"rank":2,"minzoom":4.7,"capital":0},"geometry":{"type":"Point","coordinates":[8.5481,47.3819]}},{"type":"Feature","properties":{"name":"Lisbon","country":"Portugal","admin1":"Lisboa","iso":"PT","pop":2812000,"rank":2,"minzoom":4,"capital":1},"geometry":{"type":"Point","coordinates":[-9.1468,38.7247]}},{"type":"Feature","properties":{"name":"Khartoum","country":"Sudan","admin1":"Khartoum","iso":"SD","pop":4754000,"rank":2,"minzoom":4,"capital":1},"geometry":{"type":"Point","coordinates":[32.5322,15.59]}},{"type":"Feature","properties":{"name":"Jeddah","country":"Saudi Arabia","admin1":"Makkah","iso":"SA","pop":3012000,"rank":2,"minzoom":4,"capital":0},"geometry":{"type":"Point","coordinates":[39.2173,21.5188]}},{"type":"Feature","properties":{"name":"Makkah","country":"Saudi Arabia","admin1":"Makkah","iso":"SA","pop":1385000,"rank":2,"minzoom":3.7,"capital":0},"geometry":{"type":"Point","coordinates":[39.8181,21.432]}},{"type":"Feature","properties":{"name":"Oslo","country":"Norway","admin1":"Oslo","iso":"NO","pop":835000,"rank":2,"minzoom":4,"capital":1},"geometry":{"type":"Point","coordinates":[10.748,59.9186]}},{"type":"Feature","properties":{"name":"Lahore","country":"Pakistan","admin1":"Punjab","iso":"PK","pop":6577000,"rank":2,"minzoom":4,"capital":0},"geometry":{"type":"Point","coordinates":[74.3481,31.5619]}},{"type":"Feature","properties":{"name":"Karachi","country":"Pakistan","admin1":"Sind","iso":"PK","pop":12130000,"rank":2,"minzoom":4,"capital":0},"geometry":{"type":"Point","coordinates":[66.9881,24.8719]}},{"type":"Feature","properties":{"name":"Durban","country":"South Africa","admin1":"KwaZulu-Natal","iso":"ZA","pop":2729000,"rank":2,"minzoom":4,"capital":0},"geometry":{"type":"Point","coordinates":[31.0109,-29.8607]}},{"type":"Feature","properties":{"name":"St.  Petersburg","country":"Russia","admin1":"City of St. Petersburg","iso":"RU","pop":4553000,"rank":2,"minzoom":3.7,"capital":0},"geometry":{"type":"Point","coordinates":[30.3141,59.941]}},{"type":"Feature","properties":{"name":"Guadalajara","country":"Mexico","admin1":"Jalisco","iso":"MX","pop":4198000,"rank":2,"minzoom":4,"capital":0},"geometry":{"type":"Point","coordinates":[-103.332,20.672]}},{"type":"Feature","properties":{"name":"Puebla","country":"Mexico","admin1":"Puebla","iso":"MX","pop":2195000,"rank":2,"minzoom":4,"capital":0},"geometry":{"type":"Point","coordinates":[-98.2037,19.0326]}},{"type":"Feature","properties":{"name":"Kano","country":"Nigeria","admin1":"Kano","iso":"NG","pop":3140000,"rank":2,"minzoom":4.7,"capital":0},"geometry":{"type":"Point","coordinates":[8.5181,12.0019]}},{"type":"Feature","properties":{"name":"Warsaw","country":"Poland","admin1":"Masovian","iso":"PL","pop":1707000,"rank":2,"minzoom":4,"capital":1},"geometry":{"type":"Point","coordinates":[21.0053,52.2309]}},{"type":"Feature","properties":{"name":"Pyongyang","country":"North Korea","admin1":"P'yongyang","iso":"KP","pop":3300000,"rank":2,"minzoom":4.7,"capital":1},"geometry":{"type":"Point","coordinates":[125.7527,39.0214]}},{"type":"Feature","properties":{"name":"Dar es Salaam","country":"Tanzania","admin1":"Dar-Es-Salaam","iso":"TZ","pop":2930000,"rank":2,"minzoom":4,"capital":1},"geometry":{"type":"Point","coordinates":[39.2664,-6.7981]}},{"type":"Feature","properties":{"name":"Medan","country":"Indonesia","admin1":"Sumatera Utara","iso":"ID","pop":2115000,"rank":2,"minzoom":4,"capital":0},"geometry":{"type":"Point","coordinates":[98.6481,3.5819]}},{"type":"Feature","properties":{"name":"Dublin","country":"Ireland","admin1":"Dublin","iso":"IE","pop":1059000,"rank":2,"minzoom":4,"capital":1},"geometry":{"type":"Point","coordinates":[-6.257,53.3467]}},{"type":"Feature","properties":{"name":"Monrovia","country":"Liberia","admin1":"Montserrado","iso":"LR","pop":1041000,"rank":2,"minzoom":4,"capital":1},"geometry":{"type":"Point","coordinates":[-10.7997,6.3146]}},{"type":"Feature","properties":{"name":"Naples","country":"Italy","admin1":"Campania","iso":"IT","pop":2250000,"rank":2,"minzoom":4.7,"capital":0},"geometry":{"type":"Point","coordinates":[14.2431,40.842]}},{"type":"Feature","properties":{"name":"Milan","country":"Italy","admin1":"Lombardia","iso":"IT","pop":2945000,"rank":2,"minzoom":4.7,"capital":0},"geometry":{"type":"Point","coordinates":[9.2031,45.4719]}},{"type":"Feature","properties":{"name":"Kuala Lumpur","country":"Malaysia","admin1":"Selangor","iso":"MY","pop":1448000,"rank":2,"minzoom":4,"capital":1},"geometry":{"type":"Point","coordinates":[101.6887,3.1398]}},{"type":"Feature","properties":{"name":"Lanzhou","country":"China","admin1":"Gansu","iso":"CN","pop":2561000,"rank":2,"minzoom":4,"capital":0},"geometry":{"type":"Point","coordinates":[103.7901,36.058]}},{"type":"Feature","properties":{"name":"Nanning","country":"China","admin1":"Guangxi","iso":"CN","pop":2167000,"rank":2,"minzoom":4,"capital":0},"geometry":{"type":"Point","coordinates":[108.3181,22.8219]}},{"type":"Feature","properties":{"name":"Guiyang","country":"China","admin1":"Guizhou","iso":"CN","pop":3662000,"rank":2,"minzoom":4.7,"capital":0},"geometry":{"type":"Point","coordinates":[106.7181,26.582]}},{"type":"Feature","properties":{"name":"Chongqing","country":"China","admin1":"Chongqing","iso":"CN","pop":6461000,"rank":2,"minzoom":4,"capital":0},"geometry":{"type":"Point","coordinates":[106.593,29.5669]}},{"type":"Feature","properties":{"name":"Fuzhou","country":"China","admin1":"Fujian","iso":"CN","pop":2606000,"rank":2,"minzoom":4.7,"capital":0},"geometry":{"type":"Point","coordinates":[119.2981,26.0819]}},{"type":"Feature","properties":{"name":"Guangzhou","country":"China","admin1":"Guangdong","iso":"CN","pop":8829000,"rank":2,"minzoom":4,"capital":0},"geometry":{"type":"Point","coordinates":[113.2618,23.1247]}},{"type":"Feature","properties":{"name":"Dongguan","country":"China","admin1":"Guangdong","iso":"CN","pop":4528000,"rank":2,"minzoom":5.6,"capital":0},"geometry":{"type":"Point","coordinates":[113.7505,23.0215]}},{"type":"Feature","properties":{"name":"Bandung","country":"Indonesia","admin1":"Jawa Barat","iso":"ID","pop":2394000,"rank":2,"minzoom":4.7,"capital":0},"geometry":{"type":"Point","coordinates":[107.5681,-6.9481]}},{"type":"Feature","properties":{"name":"Surabaya","country":"Indonesia","admin1":"Jawa Timur","iso":"ID","pop":2845000,"rank":2,"minzoom":4,"capital":0},"geometry":{"type":"Point","coordinates":[112.7489,-7.2473]}},{"type":"Feature","properties":{"name":"Guayaquil","country":"Ecuador","admin1":"Guayas","iso":"EC","pop":2514000,"rank":2,"minzoom":4.7,"capital":0},"geometry":{"type":"Point","coordinates":[-79.922,-2.2181]}},{"type":"Feature","properties":{"name":"Medellín","country":"Colombia","admin1":"Antioquia","iso":"CO","pop":3297000,"rank":2,"minzoom":4,"capital":0},"geometry":{"type":"Point","coordinates":[-75.577,6.2769]}},{"type":"Feature","properties":{"name":"Cali","country":"Colombia","admin1":"Valle del Cauca","iso":"CO","pop":2254000,"rank":2,"minzoom":4,"capital":0},"geometry":{"type":"Point","coordinates":[-76.5019,3.4019]}},{"type":"Feature","properties":{"name":"Havana","country":"Cuba","admin1":"Ciudad de la Habana","iso":"CU","pop":2174000,"rank":2,"minzoom":4,"capital":1},"geometry":{"type":"Point","coordinates":[-82.3661,23.1339]}},{"type":"Feature","properties":{"name":"Alexandria","country":"Egypt","admin1":"Al Iskandariyah","iso":"EG","pop":4165000,"rank":2,"minzoom":4,"capital":0},"geometry":{"type":"Point","coordinates":[29.948,31.202]}},{"type":"Feature","properties":{"name":"Frankfurt","country":"Germany","admin1":"Hessen","iso":"DE","pop":2895000,"rank":2,"minzoom":4,"capital":0},"geometry":{"type":"Point","coordinates":[8.675,50.1]}},{"type":"Feature","properties":{"name":"Hamburg","country":"Germany","admin1":"Hamburg","iso":"DE","pop":1757000,"rank":2,"minzoom":5,"capital":0},"geometry":{"type":"Point","coordinates":[9.9981,53.552]}},{"type":"Feature","properties":{"name":"Munich","country":"Germany","admin1":"Bayern","iso":"DE","pop":1275000,"rank":2,"minzoom":4.7,"capital":0},"geometry":{"type":"Point","coordinates":[11.573,48.1319]}},{"type":"Feature","properties":{"name":"Prague","country":"Czechia","admin1":"Prague","iso":"CZ","pop":1162000,"rank":2,"minzoom":4.7,"capital":1},"geometry":{"type":"Point","coordinates":[14.4229,50.087]}},{"type":"Feature","properties":{"name":"Kuwait City","country":"Kuwait","admin1":"Al Kuwayt","iso":"KW","pop":2063000,"rank":2,"minzoom":4,"capital":1},"geometry":{"type":"Point","coordinates":[47.9764,29.3717]}},{"type":"Feature","properties":{"name":"Xian","country":"China","admin1":"Shaanxi","iso":"CN","pop":4009000,"rank":2,"minzoom":3.7,"capital":0},"geometry":{"type":"Point","coordinates":[108.8931,34.277]}},{"type":"Feature","properties":{"name":"Taiyuan","country":"China","admin1":"Shanxi","iso":"CN","pop":2913000,"rank":2,"minzoom":4,"capital":0},"geometry":{"type":"Point","coordinates":[112.5431,37.877]}},{"type":"Feature","properties":{"name":"Wuhan","country":"China","admin1":"Hubei","iso":"CN","pop":7243000,"rank":2,"minzoom":4,"capital":0},"geometry":{"type":"Point","coordinates":[114.2681,30.582]}},{"type":"Feature","properties":{"name":"Changsha","country":"China","admin1":"Hunan","iso":"CN","pop":2604000,"rank":2,"minzoom":4.7,"capital":0},"geometry":{"type":"Point","coordinates":[112.968,28.2019]}},{"type":"Feature","properties":{"name":"Kunming","country":"China","admin1":"Yunnan","iso":"CN","pop":2931000,"rank":2,"minzoom":4,"capital":0},"geometry":{"type":"Point","coordinates":[102.6974,25.0429]}},{"type":"Feature","properties":{"name":"Zhengzhou","country":"China","admin1":"Henan","iso":"CN","pop":2636000,"rank":2,"minzoom":4,"capital":0},"geometry":{"type":"Point","coordinates":[113.6631,34.7569]}},{"type":"Feature","properties":{"name":"Shenyeng","country":"China","admin1":"Liaoning","iso":"CN","pop":4787000,"rank":2,"minzoom":4,"capital":0},"geometry":{"type":"Point","coordinates":[123.448,41.8069]}},{"type":"Feature","properties":{"name":"Jinan","country":"China","admin1":"Shandong","iso":"CN","pop":2798000,"rank":2,"minzoom":4,"capital":0},"geometry":{"type":"Point","coordinates":[116.9931,36.6769]}},{"type":"Feature","properties":{"name":"Tianjin","country":"China","admin1":"Tianjin","iso":"CN","pop":7180000,"rank":2,"minzoom":4,"capital":0},"geometry":{"type":"Point","coordinates":[117.1966,39.0828]}},{"type":"Feature","properties":{"name":"Nanchang","country":"China","admin1":"Jiangxi","iso":"CN","pop":2350000,"rank":2,"minzoom":4.7,"capital":0},"geometry":{"type":"Point","coordinates":[115.8781,28.6819]}},{"type":"Feature","properties":{"name":"Nanjing","country":"China","admin1":"Jiangsu","iso":"CN","pop":3679000,"rank":2,"minzoom":4,"capital":0},"geometry":{"type":"Point","coordinates":[118.778,32.052]}},{"type":"Feature","properties":{"name":"Hangzhou","country":"China","admin1":"Zhejiang","iso":"CN","pop":3007000,"rank":2,"minzoom":4,"capital":0},"geometry":{"type":"Point","coordinates":[120.1681,30.2519]}},{"type":"Feature","properties":{"name":"Hiroshima","country":"Japan","admin1":"Hiroshima","iso":"JP","pop":2045000,"rank":2,"minzoom":4,"capital":0},"geometry":{"type":"Point","coordinates":[132.441,34.3898]}},{"type":"Feature","properties":{"name":"Changchun","country":"China","admin1":"Jilin","iso":"CN","pop":3183000,"rank":2,"minzoom":4,"capital":0},"geometry":{"type":"Point","coordinates":[125.338,43.867]}},{"type":"Feature","properties":{"name":"Baotou","country":"China","admin1":"Nei Mongol","iso":"CN","pop":2036000,"rank":2,"minzoom":4,"capital":0},"geometry":{"type":"Point","coordinates":[109.8201,40.6542]}},{"type":"Feature","properties":{"name":"Harbin","country":"China","admin1":"Heilongjiang","iso":"CN","pop":3621000,"rank":2,"minzoom":3.7,"capital":0},"geometry":{"type":"Point","coordinates":[126.648,45.7519]}},{"type":"Feature","properties":{"name":"Sapporo","country":"Japan","admin1":"Hokkaido","iso":"JP","pop":2544000,"rank":2,"minzoom":4,"capital":0},"geometry":{"type":"Point","coordinates":[141.3381,43.0769]}},{"type":"Feature","properties":{"name":"Santo Domingo","country":"Dominican Republic","admin1":"Distrito Nacional","iso":"DO","pop":2154000,"rank":2,"minzoom":4,"capital":1},"geometry":{"type":"Point","coordinates":[-69.9297,18.4707]}},{"type":"Feature","properties":{"name":"Accra","country":"Ghana","admin1":"Greater Accra","iso":"GH","pop":2121000,"rank":2,"minzoom":4,"capital":1},"geometry":{"type":"Point","coordinates":[-0.2187,5.552]}},{"type":"Feature","properties":{"name":"Delhi","country":"India","admin1":"Delhi","iso":"IN","pop":15926000,"rank":2,"minzoom":4,"capital":0},"geometry":{"type":"Point","coordinates":[77.2281,28.6719]}},{"type":"Feature","properties":{"name":"Hyderabad","country":"India","admin1":"Telangana","iso":"IN","pop":6376000,"rank":2,"minzoom":4,"capital":0},"geometry":{"type":"Point","coordinates":[78.478,17.4019]}},{"type":"Feature","properties":{"name":"Pune","country":"India","admin1":"Maharashtra","iso":"IN","pop":4672000,"rank":2,"minzoom":4,"capital":0},"geometry":{"type":"Point","coordinates":[73.8519,18.5164]}},{"type":"Feature","properties":{"name":"Nagpur","country":"India","admin1":"Maharashtra","iso":"IN","pop":2454000,"rank":2,"minzoom":4,"capital":0},"geometry":{"type":"Point","coordinates":[79.088,21.1719]}},{"type":"Feature","properties":{"name":"Tripoli","country":"Libya","admin1":"Tajura' wa an Nawahi al Arba","iso":"LY","pop":2189000,"rank":2,"minzoom":4,"capital":1},"geometry":{"type":"Point","coordinates":[13.18,32.8925]}},{"type":"Feature","properties":{"name":"Tel Aviv","country":"Israel","admin1":"Tel Aviv","iso":"IL","pop":3112000,"rank":2,"minzoom":4,"capital":0},"geometry":{"type":"Point","coordinates":[34.7681,32.0819]}},{"type":"Feature","properties":{"name":"Helsinki","country":"Finland","admin1":"Southern Finland","iso":"FI","pop":1115000,"rank":2,"minzoom":4,"capital":1},"geometry":{"type":"Point","coordinates":[24.9325,60.1638]}},{"type":"Feature","properties":{"name":"Mashhad","country":"Iran","admin1":"Razavi Khorasan","iso":"IR","pop":2469000,"rank":2,"minzoom":4,"capital":0},"geometry":{"type":"Point","coordinates":[59.5681,36.272]}},{"type":"Feature","properties":{"name":"Jaipur","country":"India","admin1":"Rajasthan","iso":"IN","pop":2917000,"rank":2,"minzoom":4,"capital":0},"geometry":{"type":"Point","coordinates":[75.808,26.9231]}},{"type":"Feature","properties":{"name":"Kanpur","country":"India","admin1":"Uttar Pradesh","iso":"IN","pop":3162000,"rank":2,"minzoom":4,"capital":0},"geometry":{"type":"Point","coordinates":[80.318,26.4619]}},{"type":"Feature","properties":{"name":"Patna","country":"India","admin1":"Bihar","iso":"IN","pop":2158000,"rank":2,"minzoom":4.7,"capital":0},"geometry":{"type":"Point","coordinates":[85.1281,25.6269]}},{"type":"Feature","properties":{"name":"Chennai","country":"India","admin1":"Tamil Nadu","iso":"IN","pop":7163000,"rank":2,"minzoom":4,"capital":0},"geometry":{"type":"Point","coordinates":[80.2781,13.0919]}},{"type":"Feature","properties":{"name":"Ahmedabad","country":"India","admin1":"Dadra and Nagar Haveli","iso":"IN","pop":5375000,"rank":2,"minzoom":4.7,"capital":0},"geometry":{"type":"Point","coordinates":[72.5781,23.032]}},{"type":"Feature","properties":{"name":"Surat","country":"India","admin1":"Dadra and Nagar Haveli","iso":"IN","pop":3842000,"rank":2,"minzoom":4,"capital":0},"geometry":{"type":"Point","coordinates":[72.8381,21.2019]}},{"type":"Feature","properties":{"name":"København","country":"Denmark","admin1":"Hovedstaden","iso":"DK","pop":1085000,"rank":2,"minzoom":4,"capital":1},"geometry":{"type":"Point","coordinates":[12.5615,55.6805]}},{"type":"Feature","properties":{"name":"Abidjan","country":"Ivory Coast","admin1":"Lagunes","iso":"CI","pop":3802000,"rank":2,"minzoom":4,"capital":1},"geometry":{"type":"Point","coordinates":[-4.0202,5.3231]}},{"type":"Feature","properties":{"name":"Belém","country":"Brazil","admin1":"Pará","iso":"BR","pop":2167000,"rank":2,"minzoom":4,"capital":0},"geometry":{"type":"Point","coordinates":[-48.482,-1.4481]}},{"type":"Feature","properties":{"name":"Brasília","country":"Brazil","admin1":"Distrito Federal","iso":"BR","pop":3716996,"rank":2,"minzoom":3.7,"capital":1},"geometry":{"type":"Point","coordinates":[-47.918,-15.7814]}},{"type":"Feature","properties":{"name":"Porto Alegre","country":"Brazil","admin1":"Rio Grande do Sul","iso":"BR","pop":3917000,"rank":2,"minzoom":4,"capital":0},"geometry":{"type":"Point","coordinates":[-51.202,-30.0481]}},{"type":"Feature","properties":{"name":"Curitiba","country":"Brazil","admin1":"Paraná","iso":"BR","pop":3084000,"rank":2,"minzoom":4,"capital":0},"geometry":{"type":"Point","coordinates":[-49.3219,-25.4181]}},{"type":"Feature","properties":{"name":"Fortaleza","country":"Brazil","admin1":"Ceará","iso":"BR","pop":3602319,"rank":2,"minzoom":4,"capital":0},"geometry":{"type":"Point","coordinates":[-38.5819,-3.7481]}},{"type":"Feature","properties":{"name":"Salvador","country":"Brazil","admin1":"Bahia","iso":"BR","pop":3484000,"rank":2,"minzoom":3.7,"capital":0},"geometry":{"type":"Point","coordinates":[-38.4819,-12.968]}},{"type":"Feature","properties":{"name":"Edmonton","country":"Canada","admin1":"Alberta","iso":"CA","pop":1058000,"rank":2,"minzoom":4,"capital":0},"geometry":{"type":"Point","coordinates":[-113.5019,53.552]}},{"type":"Feature","properties":{"name":"Montréal","country":"Canada","admin1":"Québec","iso":"CA","pop":3678000,"rank":2,"minzoom":4,"capital":0},"geometry":{"type":"Point","coordinates":[-73.5852,45.5019]}},{"type":"Feature","properties":{"name":"Goiânia","country":"Brazil","admin1":"Goiás","iso":"BR","pop":2022000,"rank":2,"minzoom":4.7,"capital":0},"geometry":{"type":"Point","coordinates":[-49.302,-16.7181]}},{"type":"Feature","properties":{"name":"Recife","country":"Brazil","admin1":"Pernambuco","iso":"BR","pop":3651000,"rank":2,"minzoom":3.7,"capital":0},"geometry":{"type":"Point","coordinates":[-34.9088,-8.0605]}},{"type":"Feature","properties":{"name":"Brussels","country":"Belgium","admin1":"Brussels","iso":"BE","pop":1743000,"rank":2,"minzoom":4.7,"capital":1},"geometry":{"type":"Point","coordinates":[4.3314,50.8353]}},{"type":"Feature","properties":{"name":"Dhaka","country":"Bangladesh","admin1":"Dhaka","iso":"BD","pop":12797394,"rank":2,"minzoom":4,"capital":1},"geometry":{"type":"Point","coordinates":[90.4066,23.725]}},{"type":"Feature","properties":{"name":"Luanda","country":"Angola","admin1":"Luanda","iso":"AO","pop":5172900,"rank":2,"minzoom":4,"capital":1},"geometry":{"type":"Point","coordinates":[13.2325,-8.8363]}},{"type":"Feature","properties":{"name":"Algiers","country":"Algeria","admin1":"Alger","iso":"DZ","pop":3354000,"rank":2,"minzoom":4,"capital":1},"geometry":{"type":"Point","coordinates":[3.0486,36.765]}},{"type":"Feature","properties":{"name":"Chattogram","country":"Bangladesh","admin1":"Chittagong","iso":"BD","pop":4529000,"rank":2,"minzoom":4,"capital":0},"geometry":{"type":"Point","coordinates":[91.798,22.3319]}},{"type":"Feature","properties":{"name":"Perth","country":"Australia","admin1":"Western Australia","iso":"AU","pop":1532000,"rank":2,"minzoom":3.7,"capital":0},"geometry":{"type":"Point","coordinates":[115.8381,-31.9531]}},{"type":"Feature","properties":{"name":"Yangon","country":"Myanmar","admin1":"Yangon","iso":"MM","pop":4088000,"rank":2,"minzoom":4,"capital":0},"geometry":{"type":"Point","coordinates":[96.1647,16.7853]}},{"type":"Feature","properties":{"name":"San Francisco","country":"United States of America","admin1":"California","iso":"US","pop":3450000,"rank":1,"minzoom":2.7,"capital":0},"geometry":{"type":"Point","coordinates":[-122.3996,37.7843]}},{"type":"Feature","properties":{"name":"Denver","country":"United States of America","admin1":"Colorado","iso":"US","pop":2313000,"rank":1,"minzoom":3.7,"capital":0},"geometry":{"type":"Point","coordinates":[-104.986,39.7411]}},{"type":"Feature","properties":{"name":"Houston","country":"United States of America","admin1":"Texas","iso":"US","pop":4459000,"rank":1,"minzoom":3,"capital":0},"geometry":{"type":"Point","coordinates":[-95.3484,29.7413]}},{"type":"Feature","properties":{"name":"Miami","country":"United States of America","admin1":"Florida","iso":"US","pop":5585000,"rank":1,"minzoom":2.1,"capital":0},"geometry":{"type":"Point","coordinates":[-80.2261,25.7896]}},{"type":"Feature","properties":{"name":"Atlanta","country":"United States of America","admin1":"Georgia","iso":"US","pop":4506000,"rank":1,"minzoom":3,"capital":0},"geometry":{"type":"Point","coordinates":[-84.3676,33.7395]}},{"type":"Feature","properties":{"name":"Chicago","country":"United States of America","admin1":"Illinois","iso":"US","pop":8990000,"rank":1,"minzoom":3,"capital":0},"geometry":{"type":"Point","coordinates":[-87.6352,41.848]}},{"type":"Feature","properties":{"name":"Caracas","country":"Venezuela","admin1":"Distrito Capital","iso":"VE","pop":2985000,"rank":1,"minzoom":3,"capital":1},"geometry":{"type":"Point","coordinates":[-66.919,10.5029]}},{"type":"Feature","properties":{"name":"Kyiv","country":"Ukraine","admin1":"Kiev","iso":"UA","pop":2709000,"rank":1,"minzoom":3.7,"capital":1},"geometry":{"type":"Point","coordinates":[30.5147,50.4353]}},{"type":"Feature","properties":{"name":"Dubai","country":"United Arab Emirates","admin1":"Dubay","iso":"AE","pop":1379000,"rank":1,"minzoom":3.7,"capital":0},"geometry":{"type":"Point","coordinates":[55.2869,25.2149]}},{"type":"Feature","properties":{"name":"Tashkent","country":"Uzbekistan","admin1":"Tashkent","iso":"UZ","pop":2184000,"rank":1,"minzoom":3.7,"capital":1},"geometry":{"type":"Point","coordinates":[69.2688,41.3038]}},{"type":"Feature","properties":{"name":"Madrid","country":"Spain","admin1":"Comunidad de Madrid","iso":"ES","pop":5567000,"rank":1,"minzoom":3,"capital":1},"geometry":{"type":"Point","coordinates":[-3.6853,40.402]}},{"type":"Feature","properties":{"name":"Geneva","country":"Switzerland","admin1":"Genève","iso":"CH","pop":1240000,"rank":1,"minzoom":3.7,"capital":0},"geometry":{"type":"Point","coordinates":[6.14,46.21]}},{"type":"Feature","properties":{"name":"Stockholm","country":"Sweden","admin1":"Stockholm","iso":"SE","pop":1264000,"rank":1,"minzoom":3,"capital":1},"geometry":{"type":"Point","coordinates":[18.0663,59.3241]}},{"type":"Feature","properties":{"name":"Bangkok","country":"Thailand","admin1":"Bangkok Metropolis","iso":"TH","pop":6704000,"rank":1,"minzoom":3,"capital":1},"geometry":{"type":"Point","coordinates":[100.5147,13.7519]}},{"type":"Feature","properties":{"name":"Lima","country":"Peru","admin1":"Lima","iso":"PE","pop":8012000,"rank":1,"minzoom":3,"capital":1},"geometry":{"type":"Point","coordinates":[-77.052,-12.0461]}},{"type":"Feature","properties":{"name":"Dakar","country":"Senegal","admin1":"Dakar","iso":"SN","pop":2604000,"rank":1,"minzoom":3,"capital":1},"geometry":{"type":"Point","coordinates":[-17.4751,14.7178]}},{"type":"Feature","properties":{"name":"Johannesburg","country":"South Africa","admin1":"Gauteng","iso":"ZA","pop":3435000,"rank":1,"minzoom":3,"capital":0},"geometry":{"type":"Point","coordinates":[28.0281,-26.1681]}},{"type":"Feature","properties":{"name":"Amsterdam","country":"Netherlands","admin1":"Noord-Holland","iso":"NL","pop":1031000,"rank":1,"minzoom":3.7,"capital":1},"geometry":{"type":"Point","coordinates":[4.9147,52.3519]}},{"type":"Feature","properties":{"name":"Casablanca","country":"Morocco","admin1":"Grand Casablanca","iso":"MA","pop":3181000,"rank":1,"minzoom":3.7,"capital":0},"geometry":{"type":"Point","coordinates":[-7.6183,33.6019]}},{"type":"Feature","properties":{"name":"Seoul","country":"South Korea","admin1":"Seoul","iso":"KR","pop":9796000,"rank":1,"minzoom":3,"capital":1},"geometry":{"type":"Point","coordinates":[126.9978,37.5683]}},{"type":"Feature","properties":{"name":"Manila","country":"Philippines","admin1":"Metropolitan Manila","iso":"PH","pop":11100000,"rank":1,"minzoom":2.7,"capital":1},"geometry":{"type":"Point","coordinates":[120.9803,14.6061]}},{"type":"Feature","properties":{"name":"Monterrey","country":"Mexico","admin1":"Nuevo León","iso":"MX","pop":3712000,"rank":1,"minzoom":3.7,"capital":0},"geometry":{"type":"Point","coordinates":[-100.3319,25.6719]}},{"type":"Feature","properties":{"name":"Berlin","country":"Germany","admin1":"Berlin","iso":"DE","pop":3406000,"rank":1,"minzoom":2.7,"capital":1},"geometry":{"type":"Point","coordinates":[13.3996,52.5238]}},{"type":"Feature","properties":{"name":"Ürümqi","country":"China","admin1":"Xinjiang Uygur","iso":"CN","pop":3575000,"rank":1,"minzoom":3.7,"capital":0},"geometry":{"type":"Point","coordinates":[87.5731,43.807]}},{"type":"Feature","properties":{"name":"Chengdu","country":"China","admin1":"Sichuan","iso":"CN","pop":4123000,"rank":1,"minzoom":3,"capital":0},"geometry":{"type":"Point","coordinates":[104.0681,30.6719]}},{"type":"Feature","properties":{"name":"Ōsaka","country":"Japan","admin1":"Osaka","iso":"JP","pop":11294000,"rank":1,"minzoom":3,"capital":0},"geometry":{"type":"Point","coordinates":[135.5038,34.6911]}},{"type":"Feature","properties":{"name":"Kinshasa","country":"Congo (Kinshasa)","admin1":"Kinshasa City","iso":"CD","pop":7843000,"rank":1,"minzoom":3,"capital":1},"geometry":{"type":"Point","coordinates":[15.313,-4.3278]}},{"type":"Feature","properties":{"name":"New Delhi","country":"India","admin1":"Delhi","iso":"IN","pop":317797,"rank":1,"minzoom":2.1,"capital":1},"geometry":{"type":"Point","coordinates":[77.2,28.6]}},{"type":"Feature","properties":{"name":"Bengaluru","country":"India","admin1":"Karnataka","iso":"IN","pop":6787000,"rank":1,"minzoom":3.7,"capital":0},"geometry":{"type":"Point","coordinates":[77.5581,12.9719]}},{"type":"Feature","properties":{"name":"Athens","country":"Greece","admin1":"Attiki","iso":"GR","pop":3242000,"rank":1,"minzoom":3.7,"capital":1},"geometry":{"type":"Point","coordinates":[23.7314,37.9853]}},{"type":"Feature","properties":{"name":"Baghdad","country":"Iraq","admin1":"Baghdad","iso":"IQ","pop":5054000,"rank":1,"minzoom":3.7,"capital":1},"geometry":{"type":"Point","coordinates":[44.3919,33.3406]}},{"type":"Feature","properties":{"name":"Addis Ababa","country":"Ethiopia","admin1":"Addis Ababa","iso":"ET","pop":3100000,"rank":1,"minzoom":3,"capital":1},"geometry":{"type":"Point","coordinates":[38.6981,9.0353]}},{"type":"Feature","properties":{"name":"Tehran","country":"Iran","admin1":"Tehran","iso":"IR","pop":7873000,"rank":1,"minzoom":3,"capital":1},"geometry":{"type":"Point","coordinates":[51.4224,35.6739]}},{"type":"Feature","properties":{"name":"Vancouver","country":"Canada","admin1":"British Columbia","iso":"CA","pop":2313328,"rank":1,"minzoom":2.1,"capital":0},"geometry":{"type":"Point","coordinates":[-123.1236,49.2754]}},{"type":"Feature","properties":{"name":"Toronto","country":"Canada","admin1":"Ontario","iso":"CA","pop":5213000,"rank":1,"minzoom":2.1,"capital":0},"geometry":{"type":"Point","coordinates":[-79.3895,43.6646]}},{"type":"Feature","properties":{"name":"Buenos Aires","country":"Argentina","admin1":"Ciudad de Buenos Aires","iso":"AR","pop":12795000,"rank":1,"minzoom":2.1,"capital":1},"geometry":{"type":"Point","coordinates":[-58.4325,-34.6107]}},{"type":"Feature","properties":{"name":"Kabul","country":"Afghanistan","admin1":"Kabul","iso":"AF","pop":3277000,"rank":1,"minzoom":3.7,"capital":1},"geometry":{"type":"Point","coordinates":[69.1813,34.5186]}},{"type":"Feature","properties":{"name":"Vienna","country":"Austria","admin1":"Wien","iso":"AT","pop":2400000,"rank":1,"minzoom":3.7,"capital":1},"geometry":{"type":"Point","coordinates":[16.3647,48.202]}},{"type":"Feature","properties":{"name":"Melbourne","country":"Australia","admin1":"Victoria","iso":"AU","pop":4170000,"rank":1,"minzoom":3,"capital":0},"geometry":{"type":"Point","coordinates":[144.9731,-37.8181]}},{"type":"Feature","properties":{"name":"Taipei","country":"Taiwan","admin1":"Taipei City","iso":"TW","pop":6900273,"rank":1,"minzoom":3.7,"capital":1},"geometry":{"type":"Point","coordinates":[121.5683,25.0358]}},{"type":"Feature","properties":{"name":"Auckland","country":"New Zealand","admin1":"Auckland","iso":"NZ","pop":1377200,"rank":1,"minzoom":3,"capital":0},"geometry":{"type":"Point","coordinates":[174.763,-36.8481]}},{"type":"Feature","properties":{"name":"Los Angeles","country":"United States of America","admin1":"California","iso":"US","pop":12500000,"rank":0,"minzoom":2,"capital":0},"geometry":{"type":"Point","coordinates":[-118.232,34.0492]}},{"type":"Feature","properties":{"name":"Washington,  D.C.","country":"United States of America","admin1":"District of Columbia","iso":"US","pop":4338000,"rank":0,"minzoom":2.1,"capital":1},"geometry":{"type":"Point","coordinates":[-77.0114,38.9015]}},{"type":"Feature","properties":{"name":"New York","country":"United States of America","admin1":"New York","iso":"US","pop":19040000,"rank":0,"minzoom":1.7,"capital":0},"geometry":{"type":"Point","coordinates":[-73.9957,40.7216]}},{"type":"Feature","properties":{"name":"London","country":"United Kingdom","admin1":"Westminster","iso":"GB","pop":8567000,"rank":0,"minzoom":1.7,"capital":1},"geometry":{"type":"Point","coordinates":[-0.1187,51.5019]}},{"type":"Feature","properties":{"name":"Istanbul","country":"Turkey","admin1":"Istanbul","iso":"TR","pop":10061000,"rank":0,"minzoom":3,"capital":0},"geometry":{"type":"Point","coordinates":[28.9743,41.0176]}},{"type":"Feature","properties":{"name":"Riyadh","country":"Saudi Arabia","admin1":"Ar Riyad","iso":"SA","pop":4465000,"rank":0,"minzoom":3.7,"capital":1},"geometry":{"type":"Point","coordinates":[46.7205,24.6345]}},{"type":"Feature","properties":{"name":"Cape Town","country":"South Africa","admin1":"Western Cape","iso":"ZA","pop":3215000,"rank":0,"minzoom":1.7,"capital":1},"geometry":{"type":"Point","coordinates":[18.433,-33.9181]}},{"type":"Feature","properties":{"name":"Moscow","country":"Russia","admin1":"Moskva","iso":"RU","pop":10452000,"rank":0,"minzoom":1.7,"capital":1},"geometry":{"type":"Point","coordinates":[37.6136,55.7541]}},{"type":"Feature","properties":{"name":"Mexico City","country":"Mexico","admin1":"Distrito Federal","iso":"MX","pop":19028000,"rank":0,"minzoom":2.1,"capital":1},"geometry":{"type":"Point","coordinates":[-99.1329,19.4444]}},{"type":"Feature","properties":{"name":"Lagos","country":"Nigeria","admin1":"Lagos","iso":"NG","pop":9466000,"rank":0,"minzoom":2,"capital":0},"geometry":{"type":"Point","coordinates":[3.3896,6.4452]}},{"type":"Feature","properties":{"name":"Rome","country":"Italy","admin1":"Lazio","iso":"IT","pop":3339000,"rank":0,"minzoom":2.7,"capital":1},"geometry":{"type":"Point","coordinates":[12.4813,41.8979]}},{"type":"Feature","properties":{"name":"Beijing","country":"China","admin1":"Beijing","iso":"CN","pop":11106000,"rank":0,"minzoom":1.7,"capital":1},"geometry":{"type":"Point","coordinates":[116.3942,39.9017]}},{"type":"Feature","properties":{"name":"Nairobi","country":"Kenya","admin1":"Nairobi","iso":"KE","pop":3010000,"rank":0,"minzoom":2,"capital":1},"geometry":{"type":"Point","coordinates":[36.8147,-1.2814]}},{"type":"Feature","properties":{"name":"Jakarta","country":"Indonesia","admin1":"Jakarta Raya","iso":"ID","pop":9125000,"rank":0,"minzoom":2.1,"capital":1},"geometry":{"type":"Point","coordinates":[106.8275,-6.1725]}},{"type":"Feature","properties":{"name":"Bogota","country":"Colombia","admin1":"Bogota","iso":"CO","pop":7772000,"rank":0,"minzoom":2.1,"capital":1},"geometry":{"type":"Point","coordinates":[-74.0853,4.5984]}},{"type":"Feature","properties":{"name":"Cairo","country":"Egypt","admin1":"Al Qahirah","iso":"EG","pop":11893000,"rank":0,"minzoom":1.7,"capital":1},"geometry":{"type":"Point","coordinates":[31.248,30.0519]}},{"type":"Feature","properties":{"name":"Shanghai","country":"China","admin1":"Shanghai","iso":"CN","pop":14987000,"rank":0,"minzoom":2,"capital":0},"geometry":{"type":"Point","coordinates":[121.4346,31.2184]}},{"type":"Feature","properties":{"name":"Tokyo","country":"Japan","admin1":"Tokyo","iso":"JP","pop":35676000,"rank":0,"minzoom":1.7,"capital":1},"geometry":{"type":"Point","coordinates":[139.7495,35.687]}},{"type":"Feature","properties":{"name":"Mumbai","country":"India","admin1":"Maharashtra","iso":"IN","pop":18978000,"rank":0,"minzoom":1.7,"capital":0},"geometry":{"type":"Point","coordinates":[72.8758,19.0684]}},{"type":"Feature","properties":{"name":"Paris","country":"France","admin1":"Île-de-France","iso":"FR","pop":9904000,"rank":0,"minzoom":1.7,"capital":1},"geometry":{"type":"Point","coordinates":[2.353,48.8581]}},{"type":"Feature","properties":{"name":"Santiago","country":"Chile","admin1":"Región Metropolitana de Santiago","iso":"CL","pop":5720000,"rank":0,"minzoom":2,"capital":1},"geometry":{"type":"Point","coordinates":[-70.6505,-33.4402]}},{"type":"Feature","properties":{"name":"Kolkata","country":"India","admin1":"West Bengal","iso":"IN","pop":14787000,"rank":0,"minzoom":3.7,"capital":0},"geometry":{"type":"Point","coordinates":[88.3691,22.5696]}},{"type":"Feature","properties":{"name":"Rio de Janeiro","country":"Brazil","admin1":"Rio de Janeiro","iso":"BR","pop":11748000,"rank":0,"minzoom":1.7,"capital":0},"geometry":{"type":"Point","coordinates":[-43.2121,-22.9073]}},{"type":"Feature","properties":{"name":"São Paulo","country":"Brazil","admin1":"São Paulo","iso":"BR","pop":18845000,"rank":0,"minzoom":3,"capital":0},"geometry":{"type":"Point","coordinates":[-46.627,-23.5567]}},{"type":"Feature","properties":{"name":"Sydney","country":"Australia","admin1":"New South Wales","iso":"AU","pop":4630000,"rank":0,"minzoom":1.7,"capital":0},"geometry":{"type":"Point","coordinates":[151.2125,-33.8714]}},{"type":"Feature","properties":{"name":"Singapore","country":"Singapore","admin1":null,"iso":"SG","pop":5183700,"rank":0,"minzoom":2.1,"capital":1},"geometry":{"type":"Point","coordinates":[103.8539,1.295]}},{"type":"Feature","properties":{"name":"Hong Kong","country":"Hong Kong S.A.R.","admin1":null,"iso":"HK","pop":7206000,"rank":0,"minzoom":3,"capital":0},"geometry":{"type":"Point","coordinates":[114.1831,22.3069]}}]}